Date,Open,High,Low,Close,Volume,Dividends,Stock Splits,Ticker,Name
2023-10-02 00:00:00-04:00,90.81999969482422,91.87999725341797,88.45999908447266,88.81999969482422,334493,0.0,0.0,CL=F,WTI Crude Oil Futures
2023-10-03 00:00:00-04:00,88.66999816894531,90.2699966430664,87.76000213623047,89.2300033569336,350659,0.0,0.0,CL=F,WTI Crude Oil Futures
2023-10-04 00:00:00-04:00,89.41999816894531,89.58999633789062,84.16000366210938,84.22000122070312,459995,0.0,0.0,CL=F,WTI Crude Oil Futures
2023-10-05 00:00:00-04:00,84.44999694824219,84.91999816894531,82.1500015258789,82.30999755859375,465997,0.0,0.0,CL=F,WTI Crude Oil Futures
2023-10-06 00:00:00-04:00,82.27999877929688,83.27999877929688,81.5,82.79000091552734,461139,0.0,0.0,CL=F,WTI Crude Oil Futures
2023-10-09 00:00:00-04:00,85.25,87.23999786376953,84.66999816894531,86.37999725341797,435037,0.0,0.0,CL=F,WTI Crude Oil Futures
2023-10-10 00:00:00-04:00,86.43000030517578,86.73999786376953,85.12000274658203,85.97000122070312,337654,0.0,0.0,CL=F,WTI Crude Oil Futures
2023-10-11 00:00:00-04:00,85.95999908447266,86.51000213623047,83.11000061035156,83.48999786376953,425395,0.0,0.0,CL=F,WTI Crude Oil Futures
2023-10-12 00:00:00-04:00,83.19999694824219,85.19999694824219,82.30999755859375,82.91000366210938,373492,0.0,0.0,CL=F,WTI Crude Oil Futures
2023-10-13 00:00:00-04:00,83.51000213623047,87.83000183105469,83.3499984741211,87.69000244140625,356863,0.0,0.0,CL=F,WTI Crude Oil Futures
2023-10-16 00:00:00-04:00,87.72000122070312,88.33000183105469,86.31999969482422,86.66000366210938,235780,0.0,0.0,CL=F,WTI Crude Oil Futures
2023-10-17 00:00:00-04:00,87.05999755859375,87.75,85.5999984741211,86.66000366210938,197124,0.0,0.0,CL=F,WTI Crude Oil Futures
2023-10-18 00:00:00-04:00,87.80999755859375,89.87999725341797,87.19999694824219,88.31999969482422,92797,0.0,0.0,CL=F,WTI Crude Oil Futures
2023-10-19 00:00:00-04:00,88.23999786376953,90.68000030517578,86.5999984741211,89.37000274658203,72058,0.0,0.0,CL=F,WTI Crude Oil Futures
2023-10-20 00:00:00-04:00,90.27999877929688,90.77999877929688,88.33000183105469,88.75,311917,0.0,0.0,CL=F,WTI Crude Oil Futures
2023-10-23 00:00:00-04:00,88.0,88.29000091552734,85.3499984741211,85.48999786376953,315517,0.0,0.0,CL=F,WTI Crude Oil Futures
2023-10-24 00:00:00-04:00,86.1500015258789,86.30000305175781,82.94000244140625,83.73999786376953,370591,0.0,0.0,CL=F,WTI Crude Oil Futures
2023-10-25 00:00:00-04:00,83.69000244140625,85.55999755859375,82.08000183105469,85.38999938964844,429459,0.0,0.0,CL=F,WTI Crude Oil Futures
2023-10-26 00:00:00-04:00,85.37000274658203,85.58999633789062,82.55999755859375,83.20999908447266,341792,0.0,0.0,CL=F,WTI Crude Oil Futures
2023-10-27 00:00:00-04:00,83.52999877929688,85.9000015258789,83.0999984741211,85.54000091552734,333760,0.0,0.0,CL=F,WTI Crude Oil Futures
2023-10-30 00:00:00-04:00,85.0,85.30000305175781,81.81999969482422,82.30999755859375,356928,0.0,0.0,CL=F,WTI Crude Oil Futures
2023-10-31 00:00:00-04:00,82.58999633789062,83.37000274658203,80.73999786376953,81.0199966430664,346007,0.0,0.0,CL=F,WTI Crude Oil Futures
2023-11-01 00:00:00-04:00,81.4800033569336,83.41999816894531,80.30000305175781,80.44000244140625,321592,0.0,0.0,CL=F,WTI Crude Oil Futures
2023-11-02 00:00:00-04:00,80.81999969482422,82.83000183105469,80.22000122070312,82.45999908447266,307122,0.0,0.0,CL=F,WTI Crude Oil Futures
2023-11-03 00:00:00-04:00,82.58000183105469,83.5999984741211,80.0999984741211,80.51000213623047,457281,0.0,0.0,CL=F,WTI Crude Oil Futures
2023-11-06 00:00:00-05:00,81.12999725341797,82.23999786376953,80.66000366210938,80.81999969482422,271131,0.0,0.0,CL=F,WTI Crude Oil Futures
2023-11-07 00:00:00-05:00,80.93000030517578,81.05000305175781,77.08999633789062,77.37000274658203,396289,0.0,0.0,CL=F,WTI Crude Oil Futures
2023-11-08 00:00:00-05:00,77.12000274658203,77.52999877929688,74.91000366210938,75.33000183105469,429647,0.0,0.0,CL=F,WTI Crude Oil Futures
2023-11-09 00:00:00-05:00,75.6500015258789,77.16000366210938,75.20999908447266,75.73999786376953,303430,0.0,0.0,CL=F,WTI Crude Oil Futures
2023-11-10 00:00:00-05:00,75.58999633789062,77.7300033569336,75.30999755859375,77.16999816894531,266998,0.0,0.0,CL=F,WTI Crude Oil Futures
2023-11-13 00:00:00-05:00,77.1500015258789,78.63999938964844,76.20999908447266,78.26000213623047,262903,0.0,0.0,CL=F,WTI Crude Oil Futures
2023-11-14 00:00:00-05:00,78.52999877929688,79.7699966430664,77.79000091552734,78.26000213623047,263002,0.0,0.0,CL=F,WTI Crude Oil Futures
2023-11-15 00:00:00-05:00,78.16999816894531,78.7699966430664,76.30999755859375,76.66000366210938,282301,0.0,0.0,CL=F,WTI Crude Oil Futures
2023-11-16 00:00:00-05:00,76.5999984741211,76.62999725341797,72.16000366210938,72.9000015258789,125165,0.0,0.0,CL=F,WTI Crude Oil Futures
2023-11-17 00:00:00-05:00,72.97000122070312,75.98999786376953,72.75,75.88999938964844,101484,0.0,0.0,CL=F,WTI Crude Oil Futures
2023-11-20 00:00:00-05:00,75.6500015258789,78.22000122070312,75.6500015258789,77.5999984741211,270638,0.0,0.0,CL=F,WTI Crude Oil Futures
2023-11-21 00:00:00-05:00,77.6500015258789,77.91999816894531,76.91999816894531,77.7699966430664,238629,0.0,0.0,CL=F,WTI Crude Oil Futures
2023-11-22 00:00:00-05:00,77.7699966430664,77.97000122070312,73.79000091552734,77.0999984741211,389325,0.0,0.0,CL=F,WTI Crude Oil Futures
2023-11-24 00:00:00-05:00,76.79000091552734,77.08999633789062,75.06999969482422,75.54000091552734,281147,0.0,0.0,CL=F,WTI Crude Oil Futures
2023-11-27 00:00:00-05:00,75.30999755859375,76.2300033569336,74.05999755859375,74.86000061035156,289562,0.0,0.0,CL=F,WTI Crude Oil Futures
2023-11-28 00:00:00-05:00,75.06999969482422,77.0199966430664,74.63999938964844,76.41000366210938,286618,0.0,0.0,CL=F,WTI Crude Oil Futures
2023-11-29 00:00:00-05:00,76.55999755859375,78.08999633789062,75.66999816894531,77.86000061035156,322170,0.0,0.0,CL=F,WTI Crude Oil Futures
2023-11-30 00:00:00-05:00,77.75,79.5999984741211,75.05000305175781,75.95999908447266,559169,0.0,0.0,CL=F,WTI Crude Oil Futures
2023-12-01 00:00:00-05:00,75.58999633789062,76.76000213623047,73.93000030517578,74.06999969482422,358976,0.0,0.0,CL=F,WTI Crude Oil Futures
2023-12-04 00:00:00-05:00,74.58000183105469,75.02999877929688,72.62999725341797,73.04000091552734,388832,0.0,0.0,CL=F,WTI Crude Oil Futures
2023-12-05 00:00:00-05:00,73.30000305175781,74.12000274658203,72.0199966430664,72.31999969482422,358703,0.0,0.0,CL=F,WTI Crude Oil Futures
2023-12-06 00:00:00-05:00,72.0999984741211,72.5999984741211,69.11000061035156,69.37999725341797,436803,0.0,0.0,CL=F,WTI Crude Oil Futures
2023-12-07 00:00:00-05:00,69.27999877929688,70.4800033569336,68.80000305175781,69.33999633789062,339000,0.0,0.0,CL=F,WTI Crude Oil Futures
2023-12-08 00:00:00-05:00,69.76000213623047,71.62999725341797,69.5,71.2300033569336,302250,0.0,0.0,CL=F,WTI Crude Oil Futures
2023-12-11 00:00:00-05:00,71.1500015258789,71.80999755859375,70.3499984741211,71.31999969482422,274414,0.0,0.0,CL=F,WTI Crude Oil Futures
2023-12-12 00:00:00-05:00,71.43000030517578,71.95999908447266,68.22000122070312,68.61000061035156,324530,0.0,0.0,CL=F,WTI Crude Oil Futures
2023-12-13 00:00:00-05:00,68.7300033569336,69.88999938964844,67.70999908447266,69.47000122070312,306996,0.0,0.0,CL=F,WTI Crude Oil Futures
2023-12-14 00:00:00-05:00,69.8499984741211,72.45999908447266,69.54000091552734,71.58000183105469,275688,0.0,0.0,CL=F,WTI Crude Oil Futures
2023-12-15 00:00:00-05:00,71.61000061035156,72.22000122070312,70.30000305175781,71.43000030517578,95513,0.0,0.0,CL=F,WTI Crude Oil Futures
2023-12-18 00:00:00-05:00,71.68000030517578,74.26000213623047,70.63999938964844,72.47000122070312,73941,0.0,0.0,CL=F,WTI Crude Oil Futures
2023-12-19 00:00:00-05:00,72.4800033569336,74.01000213623047,71.8499984741211,73.44000244140625,230042,0.0,0.0,CL=F,WTI Crude Oil Futures
2023-12-20 00:00:00-05:00,74.05999755859375,75.37000274658203,73.5999984741211,74.22000122070312,273364,0.0,0.0,CL=F,WTI Crude Oil Futures
2023-12-21 00:00:00-05:00,73.80999755859375,74.58000183105469,72.44000244140625,73.88999938964844,251982,0.0,0.0,CL=F,WTI Crude Oil Futures
2023-12-22 00:00:00-05:00,73.91000366210938,74.9800033569336,73.38999938964844,73.55999755859375,222600,0.0,0.0,CL=F,WTI Crude Oil Futures
2023-12-26 00:00:00-05:00,73.55999755859375,76.18000030517578,73.12999725341797,75.56999969482422,208715,0.0,0.0,CL=F,WTI Crude Oil Futures
2023-12-27 00:00:00-05:00,75.31999969482422,75.66000366210938,73.7699966430664,74.11000061035156,253323,0.0,0.0,CL=F,WTI Crude Oil Futures
2023-12-28 00:00:00-05:00,73.80000305175781,74.4000015258789,71.72000122070312,71.7699966430664,262748,0.0,0.0,CL=F,WTI Crude Oil Futures
2023-12-29 00:00:00-05:00,71.98999786376953,72.62000274658203,71.25,71.6500015258789,214486,0.0,0.0,CL=F,WTI Crude Oil Futures
2024-01-02 00:00:00-05:00,71.70999908447266,73.63999938964844,70.05999755859375,70.37999725341797,330992,0.0,0.0,CL=F,WTI Crude Oil Futures
2024-01-03 00:00:00-05:00,70.5,73.2300033569336,69.27999877929688,72.69999694824219,334861,0.0,0.0,CL=F,WTI Crude Oil Futures
2024-01-04 00:00:00-05:00,73.04000091552734,74.0,71.05999755859375,72.19000244140625,344467,0.0,0.0,CL=F,WTI Crude Oil Futures
2024-01-05 00:00:00-05:00,72.4000015258789,74.23999786376953,72.20999908447266,73.80999755859375,325525,0.0,0.0,CL=F,WTI Crude Oil Futures
2024-01-08 00:00:00-05:00,73.51000213623047,73.94999694824219,70.12999725341797,70.7699966430664,392249,0.0,0.0,CL=F,WTI Crude Oil Futures
2024-01-09 00:00:00-05:00,70.91000366210938,72.93000030517578,70.47000122070312,72.23999786376953,363445,0.0,0.0,CL=F,WTI Crude Oil Futures
2024-01-10 00:00:00-05:00,72.16999816894531,73.58999633789062,71.01000213623047,71.37000274658203,352772,0.0,0.0,CL=F,WTI Crude Oil Futures
2024-01-11 00:00:00-05:00,71.33000183105469,73.80999755859375,71.16999816894531,72.0199966430664,373645,0.0,0.0,CL=F,WTI Crude Oil Futures
2024-01-12 00:00:00-05:00,73.01000213623047,75.25,72.36000061035156,72.68000030517578,403636,0.0,0.0,CL=F,WTI Crude Oil Futures
2024-01-16 00:00:00-05:00,72.62999725341797,73.55999755859375,71.2300033569336,72.4000015258789,430437,0.0,0.0,CL=F,WTI Crude Oil Futures
2024-01-17 00:00:00-05:00,72.0,72.94999694824219,70.5,72.55999755859375,315679,0.0,0.0,CL=F,WTI Crude Oil Futures
2024-01-18 00:00:00-05:00,72.77999877929688,74.37999725341797,72.18000030517578,74.08000183105469,86646,0.0,0.0,CL=F,WTI Crude Oil Futures
2024-01-19 00:00:00-05:00,74.08000183105469,74.91000366210938,73.19999694824219,73.41000366210938,78234,0.0,0.0,CL=F,WTI Crude Oil Futures
2024-01-22 00:00:00-05:00,73.41000366210938,75.75,72.88999938964844,75.19000244140625,372284,0.0,0.0,CL=F,WTI Crude Oil Futures
2024-01-23 00:00:00-05:00,74.68000030517578,75.25,73.41000366210938,74.37000274658203,306060,0.0,0.0,CL=F,WTI Crude Oil Futures
2024-01-24 00:00:00-05:00,74.56999969482422,75.83000183105469,73.94000244140625,75.08999633789062,323726,0.0,0.0,CL=F,WTI Crude Oil Futures
2024-01-25 00:00:00-05:00,75.30000305175781,77.51000213623047,75.16000366210938,77.36000061035156,320177,0.0,0.0,CL=F,WTI Crude Oil Futures
2024-01-26 00:00:00-05:00,77.1500015258789,78.26000213623047,76.05999755859375,78.01000213623047,365456,0.0,0.0,CL=F,WTI Crude Oil Futures
2024-01-29 00:00:00-05:00,78.9000015258789,79.29000091552734,76.41000366210938,76.77999877929688,331925,0.0,0.0,CL=F,WTI Crude Oil Futures
2024-01-30 00:00:00-05:00,77.0199966430664,78.13999938964844,75.8499984741211,77.81999969482422,347242,0.0,0.0,CL=F,WTI Crude Oil Futures
2024-01-31 00:00:00-05:00,77.83999633789062,78.11000061035156,75.5199966430664,75.8499984741211,344493,0.0,0.0,CL=F,WTI Crude Oil Futures
2024-02-01 00:00:00-05:00,75.95999908447266,76.94999694824219,73.69999694824219,73.81999969482422,577936,0.0,0.0,CL=F,WTI Crude Oil Futures
2024-02-02 00:00:00-05:00,73.91000366210938,74.5199966430664,71.79000091552734,72.27999877929688,467768,0.0,0.0,CL=F,WTI Crude Oil Futures
2024-02-05 00:00:00-05:00,72.75,73.27999877929688,71.41000366210938,72.77999877929688,350843,0.0,0.0,CL=F,WTI Crude Oil Futures
2024-02-06 00:00:00-05:00,72.76000213623047,73.81999969482422,72.37999725341797,73.30999755859375,310955,0.0,0.0,CL=F,WTI Crude Oil Futures
2024-02-07 00:00:00-05:00,73.5,74.22000122070312,73.2300033569336,73.86000061035156,294955,0.0,0.0,CL=F,WTI Crude Oil Futures
2024-02-08 00:00:00-05:00,74.08000183105469,76.58999633789062,73.55999755859375,76.22000122070312,377906,0.0,0.0,CL=F,WTI Crude Oil Futures
2024-02-09 00:00:00-05:00,76.41999816894531,77.29000091552734,75.93000030517578,76.83999633789062,302612,0.0,0.0,CL=F,WTI Crude Oil Futures
2024-02-12 00:00:00-05:00,76.5999984741211,77.08999633789062,75.54000091552734,76.91999816894531,248476,0.0,0.0,CL=F,WTI Crude Oil Futures
2024-02-13 00:00:00-05:00,77.02999877929688,78.47000122070312,76.87000274658203,77.87000274658203,338174,0.0,0.0,CL=F,WTI Crude Oil Futures
2024-02-14 00:00:00-05:00,77.80999755859375,78.7699966430664,76.37999725341797,76.63999938964844,296131,0.0,0.0,CL=F,WTI Crude Oil Futures
2024-02-15 00:00:00-05:00,76.5999984741211,78.44000244140625,75.77999877929688,78.02999877929688,122432,0.0,0.0,CL=F,WTI Crude Oil Futures
2024-02-16 00:00:00-05:00,78.11000061035156,79.3499984741211,77.22000122070312,79.19000244140625,113713,0.0,0.0,CL=F,WTI Crude Oil Futures
2024-02-20 00:00:00-05:00,78.9800033569336,79.80000305175781,77.66999816894531,78.18000030517578,435235,0.0,0.0,CL=F,WTI Crude Oil Futures
2024-02-21 00:00:00-05:00,77.1500015258789,78.08000183105469,76.31999969482422,77.91000366210938,323243,0.0,0.0,CL=F,WTI Crude Oil Futures
2024-02-22 00:00:00-05:00,78.08999633789062,78.91999816894531,77.2300033569336,78.61000061035156,330511,0.0,0.0,CL=F,WTI Crude Oil Futures
2024-02-23 00:00:00-05:00,78.37000274658203,78.38999938964844,76.3499984741211,76.48999786376953,353437,0.0,0.0,CL=F,WTI Crude Oil Futures
2024-02-26 00:00:00-05:00,76.4000015258789,78.02999877929688,75.83999633789062,77.58000183105469,274710,0.0,0.0,CL=F,WTI Crude Oil Futures
2024-02-27 00:00:00-05:00,77.62000274658203,79.0,77.16999816894531,78.87000274658203,269236,0.0,0.0,CL=F,WTI Crude Oil Futures
2024-02-28 00:00:00-05:00,78.4800033569336,79.62000274658203,77.77999877929688,78.54000091552734,330043,0.0,0.0,CL=F,WTI Crude Oil Futures
2024-02-29 00:00:00-05:00,78.19999694824219,79.27999877929688,77.94000244140625,78.26000213623047,317939,0.0,0.0,CL=F,WTI Crude Oil Futures
2024-03-01 00:00:00-05:00,78.27999877929688,80.8499984741211,78.05000305175781,79.97000122070312,363417,0.0,0.0,CL=F,WTI Crude Oil Futures
2024-03-04 00:00:00-05:00,80.13999938964844,80.41000366210938,78.55999755859375,78.73999786376953,347214,0.0,0.0,CL=F,WTI Crude Oil Futures
2024-03-05 00:00:00-05:00,78.73999786376953,79.48999786376953,77.5199966430664,78.1500015258789,436521,0.0,0.0,CL=F,WTI Crude Oil Futures
2024-03-06 00:00:00-05:00,78.1500015258789,80.66999816894531,77.98999786376953,79.12999725341797,371049,0.0,0.0,CL=F,WTI Crude Oil Futures
2024-03-07 00:00:00-05:00,79.12999725341797,79.52999877929688,78.0199966430664,78.93000030517578,432923,0.0,0.0,CL=F,WTI Crude Oil Futures
2024-03-08 00:00:00-05:00,79.51000213623047,79.98999786376953,77.55999755859375,78.01000213623047,347533,0.0,0.0,CL=F,WTI Crude Oil Futures
2024-03-11 00:00:00-04:00,77.80000305175781,78.47000122070312,76.79000091552734,77.93000030517578,329873,0.0,0.0,CL=F,WTI Crude Oil Futures
2024-03-12 00:00:00-04:00,78.08999633789062,78.7300033569336,77.33999633789062,77.55999755859375,309922,0.0,0.0,CL=F,WTI Crude Oil Futures
2024-03-13 00:00:00-04:00,78.05999755859375,79.9000015258789,77.56999969482422,79.72000122070312,316390,0.0,0.0,CL=F,WTI Crude Oil Futures
2024-03-14 00:00:00-04:00,79.62999725341797,81.62000274658203,79.56999969482422,81.26000213623047,297450,0.0,0.0,CL=F,WTI Crude Oil Futures
2024-03-15 00:00:00-04:00,81.13999938964844,81.44999694824219,80.48999786376953,81.04000091552734,185078,0.0,0.0,CL=F,WTI Crude Oil Futures
2024-03-18 00:00:00-04:00,81.02999877929688,83.08999633789062,81.01000213623047,82.72000122070312,84718,0.0,0.0,CL=F,WTI Crude Oil Futures
2024-03-19 00:00:00-04:00,82.8499984741211,83.8499984741211,82.38999938964844,83.47000122070312,76814,0.0,0.0,CL=F,WTI Crude Oil Futures
2024-03-20 00:00:00-04:00,83.19999694824219,83.20999908447266,81.44000244140625,81.68000030517578,351161,0.0,0.0,CL=F,WTI Crude Oil Futures
2024-03-21 00:00:00-04:00,81.48999786376953,81.91999816894531,80.30000305175781,81.06999969482422,266860,0.0,0.0,CL=F,WTI Crude Oil Futures
2024-03-22 00:00:00-04:00,80.83999633789062,81.44999694824219,80.41999816894531,80.62999725341797,231101,0.0,0.0,CL=F,WTI Crude Oil Futures
2024-03-25 00:00:00-04:00,80.8499984741211,82.4800033569336,80.58999633789062,81.94999694824219,300360,0.0,0.0,CL=F,WTI Crude Oil Futures
2024-03-26 00:00:00-04:00,81.94000244140625,82.36000061035156,81.22000122070312,81.62000274658203,235845,0.0,0.0,CL=F,WTI Crude Oil Futures
2024-03-27 00:00:00-04:00,81.29000091552734,81.73999786376953,80.55000305175781,81.3499984741211,249964,0.0,0.0,CL=F,WTI Crude Oil Futures
2024-03-28 00:00:00-04:00,81.70999908447266,83.20999908447266,81.5199966430664,83.16999816894531,293774,0.0,0.0,CL=F,WTI Crude Oil Futures
2024-04-01 00:00:00-04:00,83.13999938964844,84.48999786376953,82.5999984741211,83.70999908447266,321059,0.0,0.0,CL=F,WTI Crude Oil Futures
2024-04-02 00:00:00-04:00,84.04000091552734,85.5,83.8499984741211,85.1500015258789,344040,0.0,0.0,CL=F,WTI Crude Oil Futures
2024-04-03 00:00:00-04:00,85.45999908447266,86.19999694824219,84.8499984741211,85.43000030517578,322549,0.0,0.0,CL=F,WTI Crude Oil Futures
2024-04-04 00:00:00-04:00,85.66000366210938,87.22000122070312,84.63999938964844,86.58999633789062,359534,0.0,0.0,CL=F,WTI Crude Oil Futures
2024-04-05 00:00:00-04:00,86.86000061035156,87.62999725341797,86.31999969482422,86.91000366210938,353206,0.0,0.0,CL=F,WTI Crude Oil Futures
2024-04-08 00:00:00-04:00,86.0999984741211,87.0999984741211,84.69000244140625,86.43000030517578,393734,0.0,0.0,CL=F,WTI Crude Oil Futures
2024-04-09 00:00:00-04:00,86.58999633789062,86.9800033569336,85.08999633789062,85.2300033569336,314994,0.0,0.0,CL=F,WTI Crude Oil Futures
2024-04-10 00:00:00-04:00,85.33999633789062,86.37999725341797,84.55000305175781,86.20999908447266,373939,0.0,0.0,CL=F,WTI Crude Oil Futures
2024-04-11 00:00:00-04:00,86.31999969482422,86.62999725341797,84.83999633789062,85.0199966430664,388128,0.0,0.0,CL=F,WTI Crude Oil Futures
2024-04-12 00:00:00-04:00,85.5999984741211,87.66999816894531,85.23999786376953,85.66000366210938,369958,0.0,0.0,CL=F,WTI Crude Oil Futures
2024-04-15 00:00:00-04:00,85.93000030517578,86.11000061035156,84.05000305175781,85.41000366210938,343894,0.0,0.0,CL=F,WTI Crude Oil Futures
2024-04-16 00:00:00-04:00,85.69999694824219,86.18000030517578,84.75,85.36000061035156,241343,0.0,0.0,CL=F,WTI Crude Oil Futures
2024-04-17 00:00:00-04:00,85.36000061035156,85.51000213623047,82.55000305175781,82.69000244140625,259540,0.0,0.0,CL=F,WTI Crude Oil Futures
2024-04-18 00:00:00-04:00,82.79000091552734,83.47000122070312,81.55999755859375,82.7300033569336,84468,0.0,0.0,CL=F,WTI Crude Oil Futures
2024-04-19 00:00:00-04:00,82.62000274658203,86.27999877929688,81.80000305175781,83.13999938964844,76901,0.0,0.0,CL=F,WTI Crude Oil Futures
2024-04-22 00:00:00-04:00,83.05000305175781,83.3499984741211,81.8499984741211,82.8499984741211,313914,0.0,0.0,CL=F,WTI Crude Oil Futures
2024-04-23 00:00:00-04:00,82.12999725341797,83.43000030517578,80.87999725341797,83.36000061035156,355814,0.0,0.0,CL=F,WTI Crude Oil Futures
2024-04-24 00:00:00-04:00,83.4000015258789,83.70999908447266,82.44000244140625,82.80999755859375,329077,0.0,0.0,CL=F,WTI Crude Oil Futures
2024-04-25 00:00:00-04:00,82.83000183105469,83.83000183105469,81.98999786376953,83.56999969482422,314116,0.0,0.0,CL=F,WTI Crude Oil Futures
2024-04-26 00:00:00-04:00,83.80999755859375,84.45999908447266,83.3499984741211,83.8499984741211,244090,0.0,0.0,CL=F,WTI Crude Oil Futures
2024-04-29 00:00:00-04:00,83.69000244140625,83.91000366210938,82.4000015258789,82.62999725341797,336984,0.0,0.0,CL=F,WTI Crude Oil Futures
2024-04-30 00:00:00-04:00,82.76000213623047,83.30000305175781,80.94999694824219,81.93000030517578,400680,0.0,0.0,CL=F,WTI Crude Oil Futures
2024-05-01 00:00:00-04:00,81.4800033569336,81.56999969482422,78.83000183105469,79.0,441978,0.0,0.0,CL=F,WTI Crude Oil Futures
2024-05-02 00:00:00-04:00,79.1500015258789,79.9000015258789,78.41000366210938,78.94999694824219,359652,0.0,0.0,CL=F,WTI Crude Oil Futures
2024-05-03 00:00:00-04:00,79.06999969482422,79.62999725341797,77.95999908447266,78.11000061035156,324438,0.0,0.0,CL=F,WTI Crude Oil Futures
2024-05-06 00:00:00-04:00,78.16000366210938,79.08999633789062,77.91000366210938,78.4800033569336,297369,0.0,0.0,CL=F,WTI Crude Oil Futures
2024-05-07 00:00:00-04:00,78.72000122070312,79.16999816894531,77.55000305175781,78.37999725341797,327593,0.0,0.0,CL=F,WTI Crude Oil Futures
2024-05-08 00:00:00-04:00,78.33999633789062,79.2699966430664,76.88999938964844,78.98999786376953,355449,0.0,0.0,CL=F,WTI Crude Oil Futures
2024-05-09 00:00:00-04:00,79.2300033569336,79.80000305175781,78.91000366210938,79.26000213623047,272712,0.0,0.0,CL=F,WTI Crude Oil Futures
2024-05-10 00:00:00-04:00,79.58999633789062,79.95999908447266,78.13999938964844,78.26000213623047,281169,0.0,0.0,CL=F,WTI Crude Oil Futures
2024-05-13 00:00:00-04:00,78.18000030517578,79.48999786376953,77.77999877929688,79.12000274658203,287701,0.0,0.0,CL=F,WTI Crude Oil Futures
2024-05-14 00:00:00-04:00,79.2300033569336,79.37999725341797,77.68000030517578,78.0199966430664,307410,0.0,0.0,CL=F,WTI Crude Oil Futures
2024-05-15 00:00:00-04:00,78.44000244140625,78.91999816894531,76.69999694824219,78.62999725341797,321267,0.0,0.0,CL=F,WTI Crude Oil Futures
2024-05-16 00:00:00-04:00,78.83999633789062,79.8499984741211,78.19999694824219,79.2300033569336,230277,0.0,0.0,CL=F,WTI Crude Oil Futures
2024-05-17 00:00:00-04:00,79.37999725341797,80.13999938964844,79.0,80.05999755859375,94152,0.0,0.0,CL=F,WTI Crude Oil Futures
2024-05-20 00:00:00-04:00,80.01000213623047,80.5999984741211,79.16999816894531,79.80000305175781,85072,0.0,0.0,CL=F,WTI Crude Oil Futures
2024-05-21 00:00:00-04:00,79.69999694824219,79.72000122070312,78.08000183105469,79.26000213623047,371672,0.0,0.0,CL=F,WTI Crude Oil Futures
2024-05-22 00:00:00-04:00,78.20999908447266,78.41000366210938,77.25,77.56999969482422,314145,0.0,0.0,CL=F,WTI Crude Oil Futures
2024-05-23 00:00:00-04:00,77.29000091552734,78.66000366210938,76.43000030517578,76.87000274658203,330273,0.0,0.0,CL=F,WTI Crude Oil Futures
2024-05-24 00:00:00-04:00,77.04000091552734,78.05000305175781,76.1500015258789,77.72000122070312,299075,0.0,0.0,CL=F,WTI Crude Oil Futures
2024-05-28 00:00:00-04:00,77.80999755859375,80.29000091552734,77.69000244140625,79.83000183105469,334074,0.0,0.0,CL=F,WTI Crude Oil Futures
2024-05-29 00:00:00-04:00,80.26000213623047,80.62000274658203,78.98999786376953,79.2300033569336,259594,0.0,0.0,CL=F,WTI Crude Oil Futures
2024-05-30 00:00:00-04:00,79.27999877929688,79.41999816894531,77.62999725341797,77.91000366210938,373779,0.0,0.0,CL=F,WTI Crude Oil Futures
2024-05-31 00:00:00-04:00,77.91000366210938,78.62000274658203,76.66999816894531,76.98999786376953,345120,0.0,0.0,CL=F,WTI Crude Oil Futures
2024-06-03 00:00:00-04:00,76.97000122070312,77.5199966430664,73.9800033569336,74.22000122070312,443271,0.0,0.0,CL=F,WTI Crude Oil Futures
2024-06-04 00:00:00-04:00,74.0199966430664,74.12999725341797,72.4800033569336,73.25,408721,0.0,0.0,CL=F,WTI Crude Oil Futures
2024-06-05 00:00:00-04:00,72.9000015258789,74.33000183105469,72.81999969482422,74.06999969482422,307701,0.0,0.0,CL=F,WTI Crude Oil Futures
2024-06-06 00:00:00-04:00,74.30000305175781,75.79000091552734,74.05999755859375,75.55000305175781,291082,0.0,0.0,CL=F,WTI Crude Oil Futures
2024-06-07 00:00:00-04:00,75.66999816894531,76.25,75.20999908447266,75.52999877929688,280253,0.0,0.0,CL=F,WTI Crude Oil Futures
2024-06-10 00:00:00-04:00,75.3499984741211,78.29000091552734,75.2300033569336,77.73999786376953,317031,0.0,0.0,CL=F,WTI Crude Oil Futures
2024-06-11 00:00:00-04:00,78.12000274658203,78.36000061035156,77.22000122070312,77.9000015258789,314874,0.0,0.0,CL=F,WTI Crude Oil Futures
2024-06-12 00:00:00-04:00,78.22000122070312,79.31999969482422,77.87999725341797,78.5,322285,0.0,0.0,CL=F,WTI Crude Oil Futures
2024-06-13 00:00:00-04:00,78.37000274658203,78.88999938964844,77.66999816894531,78.62000274658203,307638,0.0,0.0,CL=F,WTI Crude Oil Futures
2024-06-14 00:00:00-04:00,77.95999908447266,79.1500015258789,77.7300033569336,78.44999694824219,245827,0.0,0.0,CL=F,WTI Crude Oil Futures
2024-06-17 00:00:00-04:00,78.4800033569336,80.66000366210938,77.9800033569336,80.33000183105469,126733,0.0,0.0,CL=F,WTI Crude Oil Futures
2024-06-18 00:00:00-04:00,80.43000030517578,81.66999816894531,79.7699966430664,81.56999969482422,140709,0.0,0.0,CL=F,WTI Crude Oil Futures
2024-06-20 00:00:00-04:00,81.5199966430664,82.41000366210938,81.12999725341797,82.16999816894531,420499,0.0,0.0,CL=F,WTI Crude Oil Futures
2024-06-21 00:00:00-04:00,81.2699966430664,81.79000091552734,80.3499984741211,80.7300033569336,290500,0.0,0.0,CL=F,WTI Crude Oil Futures
2024-06-24 00:00:00-04:00,80.44999694824219,81.77999877929688,80.2300033569336,81.62999725341797,271745,0.0,0.0,CL=F,WTI Crude Oil Futures
2024-06-25 00:00:00-04:00,81.69999694824219,81.9000015258789,80.55000305175781,80.83000183105469,286038,0.0,0.0,CL=F,WTI Crude Oil Futures
2024-06-26 00:00:00-04:00,80.72000122070312,81.62999725341797,80.18000030517578,80.9000015258789,308410,0.0,0.0,CL=F,WTI Crude Oil Futures
2024-06-27 00:00:00-04:00,80.86000061035156,82.04000091552734,80.51000213623047,81.73999786376953,306342,0.0,0.0,CL=F,WTI Crude Oil Futures
2024-06-28 00:00:00-04:00,81.86000061035156,82.72000122070312,80.97000122070312,81.54000091552734,260252,0.0,0.0,CL=F,WTI Crude Oil Futures
2024-07-01 00:00:00-04:00,81.44999694824219,83.63999938964844,81.37999725341797,83.37999725341797,345780,0.0,0.0,CL=F,WTI Crude Oil Futures
2024-07-02 00:00:00-04:00,83.43000030517578,84.37999725341797,82.72000122070312,82.80999755859375,367787,0.0,0.0,CL=F,WTI Crude Oil Futures
2024-07-03 00:00:00-04:00,83.19999694824219,83.93000030517578,82.45999908447266,83.87999725341797,289685,0.0,0.0,CL=F,WTI Crude Oil Futures
2024-07-05 00:00:00-04:00,83.5999984741211,84.5199966430664,83.0199966430664,83.16000366210938,361357,0.0,0.0,CL=F,WTI Crude Oil Futures
2024-07-08 00:00:00-04:00,83.1500015258789,83.31999969482422,82.08000183105469,82.33000183105469,251774,0.0,0.0,CL=F,WTI Crude Oil Futures
2024-07-09 00:00:00-04:00,82.22000122070312,82.4800033569336,81.25,81.41000366210938,297325,0.0,0.0,CL=F,WTI Crude Oil Futures
2024-07-10 00:00:00-04:00,81.80999755859375,82.66000366210938,80.80999755859375,82.0999984741211,334380,0.0,0.0,CL=F,WTI Crude Oil Futures
2024-07-11 00:00:00-04:00,82.4000015258789,83.12999725341797,81.62999725341797,82.62000274658203,324170,0.0,0.0,CL=F,WTI Crude Oil Futures
2024-07-12 00:00:00-04:00,82.86000061035156,83.73999786376953,82.0999984741211,82.20999908447266,370062,0.0,0.0,CL=F,WTI Crude Oil Futures
2024-07-15 00:00:00-04:00,82.16000366210938,82.58000183105469,81.47000122070312,81.91000366210938,296520,0.0,0.0,CL=F,WTI Crude Oil Futures
2024-07-16 00:00:00-04:00,81.91999816894531,81.93000030517578,80.22000122070312,80.76000213623047,308186,0.0,0.0,CL=F,WTI Crude Oil Futures
2024-07-17 00:00:00-04:00,80.8499984741211,83.0999984741211,80.44999694824219,82.8499984741211,257437,0.0,0.0,CL=F,WTI Crude Oil Futures
2024-07-18 00:00:00-04:00,83.11000061035156,83.81999969482422,82.04000091552734,82.81999969482422,95704,0.0,0.0,CL=F,WTI Crude Oil Futures
2024-07-19 00:00:00-04:00,82.47000122070312,82.87999725341797,80.06999969482422,80.12999725341797,83795,0.0,0.0,CL=F,WTI Crude Oil Futures
2024-07-22 00:00:00-04:00,80.38999938964844,80.69000244140625,79.16999816894531,79.77999877929688,345235,0.0,0.0,CL=F,WTI Crude Oil Futures
2024-07-23 00:00:00-04:00,78.2699966430664,78.7300033569336,76.4000015258789,76.95999908447266,417941,0.0,0.0,CL=F,WTI Crude Oil Futures
2024-07-24 00:00:00-04:00,77.44999694824219,78.19000244140625,76.9800033569336,77.58999633789062,355971,0.0,0.0,CL=F,WTI Crude Oil Futures
2024-07-25 00:00:00-04:00,77.5,78.47000122070312,76.04000091552734,78.27999877929688,457288,0.0,0.0,CL=F,WTI Crude Oil Futures
2024-07-26 00:00:00-04:00,78.3499984741211,78.5999984741211,76.19000244140625,77.16000366210938,365121,0.0,0.0,CL=F,WTI Crude Oil Futures
2024-07-29 00:00:00-04:00,77.30000305175781,77.69000244140625,75.3499984741211,75.80999755859375,362635,0.0,0.0,CL=F,WTI Crude Oil Futures
2024-07-30 00:00:00-04:00,75.91000366210938,75.97000122070312,74.58999633789062,74.7300033569336,419478,0.0,0.0,CL=F,WTI Crude Oil Futures
2024-07-31 00:00:00-04:00,75.23999786376953,78.66000366210938,75.18000030517578,77.91000366210938,460315,0.0,0.0,CL=F,WTI Crude Oil Futures
2024-08-01 00:00:00-04:00,78.58999633789062,78.87999725341797,76.23999786376953,76.30999755859375,383014,0.0,0.0,CL=F,WTI Crude Oil Futures
2024-08-02 00:00:00-04:00,76.87000274658203,77.29000091552734,72.97000122070312,73.5199966430664,467786,0.0,0.0,CL=F,WTI Crude Oil Futures
2024-08-05 00:00:00-04:00,74.20999908447266,74.45999908447266,71.66999816894531,72.94000244140625,500151,0.0,0.0,CL=F,WTI Crude Oil Futures
2024-08-06 00:00:00-04:00,73.86000061035156,74.55999755859375,72.19999694824219,73.19999694824219,352250,0.0,0.0,CL=F,WTI Crude Oil Futures
2024-08-07 00:00:00-04:00,72.83999633789062,75.83999633789062,72.58000183105469,75.2300033569336,427995,0.0,0.0,CL=F,WTI Crude Oil Futures
2024-08-08 00:00:00-04:00,75.47000122070312,76.5199966430664,74.5999984741211,76.19000244140625,327301,0.0,0.0,CL=F,WTI Crude Oil Futures
2024-08-09 00:00:00-04:00,76.0199966430664,77.08999633789062,75.8499984741211,76.83999633789062,263007,0.0,0.0,CL=F,WTI Crude Oil Futures
2024-08-12 00:00:00-04:00,76.98999786376953,80.16000366210938,76.69999694824219,80.05999755859375,376747,0.0,0.0,CL=F,WTI Crude Oil Futures
2024-08-13 00:00:00-04:00,79.73999786376953,80.1500015258789,78.16000366210938,78.3499984741211,370763,0.0,0.0,CL=F,WTI Crude Oil Futures
2024-08-14 00:00:00-04:00,78.7300033569336,79.0999984741211,76.83000183105469,76.9800033569336,357636,0.0,0.0,CL=F,WTI Crude Oil Futures
2024-08-15 00:00:00-04:00,77.5199966430664,78.5999984741211,76.93000030517578,78.16000366210938,195122,0.0,0.0,CL=F,WTI Crude Oil Futures
2024-08-16 00:00:00-04:00,78.16000366210938,78.16000366210938,75.54000091552734,76.6500015258789,100810,0.0,0.0,CL=F,WTI Crude Oil Futures
2024-08-19 00:00:00-04:00,76.58000183105469,76.87000274658203,74.16999816894531,74.37000274658203,118172,0.0,0.0,CL=F,WTI Crude Oil Futures
2024-08-20 00:00:00-04:00,74.33999633789062,75.02999877929688,73.5,74.04000091552734,329276,0.0,0.0,CL=F,WTI Crude Oil Futures
2024-08-21 00:00:00-04:00,73.12000274658203,74.16000366210938,71.45999908447266,71.93000030517578,390527,0.0,0.0,CL=F,WTI Crude Oil Futures
2024-08-22 00:00:00-04:00,71.93000030517578,73.5199966430664,71.58000183105469,73.01000213623047,334117,0.0,0.0,CL=F,WTI Crude Oil Futures
2024-08-23 00:00:00-04:00,72.95999908447266,75.06999969482422,72.83000183105469,74.83000183105469,313764,0.0,0.0,CL=F,WTI Crude Oil Futures
2024-08-26 00:00:00-04:00,75.0999984741211,77.5999984741211,75.04000091552734,77.41999816894531,409675,0.0,0.0,CL=F,WTI Crude Oil Futures
2024-08-27 00:00:00-04:00,77.19999694824219,77.4800033569336,75.4000015258789,75.52999877929688,331162,0.0,0.0,CL=F,WTI Crude Oil Futures
2024-08-28 00:00:00-04:00,75.75,75.94999694824219,73.81999969482422,74.5199966430664,337361,0.0,0.0,CL=F,WTI Crude Oil Futures
2024-08-29 00:00:00-04:00,74.41999816894531,76.91000366210938,74.05000305175781,75.91000366210938,408147,0.0,0.0,CL=F,WTI Crude Oil Futures
2024-08-30 00:00:00-04:00,75.87000274658203,76.58999633789062,73.36000061035156,73.55000305175781,427273,0.0,0.0,CL=F,WTI Crude Oil Futures
2024-09-03 00:00:00-04:00,73.52999877929688,74.41000366210938,70.0999984741211,70.33999633789062,546617,0.0,0.0,CL=F,WTI Crude Oil Futures
2024-09-04 00:00:00-04:00,70.27999877929688,71.45999908447266,68.81999969482422,69.19999694824219,482025,0.0,0.0,CL=F,WTI Crude Oil Futures
2024-09-05 00:00:00-04:00,69.2699966430664,70.81999969482422,68.75,69.1500015258789,405596,0.0,0.0,CL=F,WTI Crude Oil Futures
2024-09-06 00:00:00-04:00,69.33000183105469,70.12999725341797,67.16999816894531,67.66999816894531,351074,0.0,0.0,CL=F,WTI Crude Oil Futures
2024-09-09 00:00:00-04:00,68.12999725341797,68.95999908447266,67.30999755859375,68.70999908447266,351074,0.0,0.0,CL=F,WTI Crude Oil Futures
2024-09-10 00:00:00-04:00,68.77999877929688,69.08000183105469,65.2699966430664,65.75,442855,0.0,0.0,CL=F,WTI Crude Oil Futures
2024-09-11 00:00:00-04:00,66.27999877929688,67.97000122070312,65.62999725341797,67.30999755859375,393311,0.0,0.0,CL=F,WTI Crude Oil Futures
2024-09-12 00:00:00-04:00,67.38999938964844,69.80999755859375,67.23999786376953,68.97000122070312,351976,0.0,0.0,CL=F,WTI Crude Oil Futures
2024-09-13 00:00:00-04:00,69.30999755859375,70.31999969482422,68.47000122070312,68.6500015258789,308983,0.0,0.0,CL=F,WTI Crude Oil Futures
2024-09-16 00:00:00-04:00,69.16000366210938,70.69999694824219,68.6500015258789,70.08999633789062,295176,0.0,0.0,CL=F,WTI Crude Oil Futures
2024-09-17 00:00:00-04:00,70.5,71.91999816894531,69.61000061035156,71.19000244140625,251629,0.0,0.0,CL=F,WTI Crude Oil Futures
2024-09-18 00:00:00-04:00,71.13999938964844,71.4800033569336,69.7300033569336,70.91000366210938,102907,0.0,0.0,CL=F,WTI Crude Oil Futures
2024-09-19 00:00:00-04:00,70.12999725341797,72.48999786376953,70.12999725341797,71.94999694824219,86630,0.0,0.0,CL=F,WTI Crude Oil Futures
2024-09-20 00:00:00-04:00,72.0999984741211,72.4000015258789,71.36000061035156,71.91999816894531,306997,0.0,0.0,CL=F,WTI Crude Oil Futures
2024-09-23 00:00:00-04:00,71.30999755859375,71.80999755859375,69.48999786376953,70.37000274658203,338267,0.0,0.0,CL=F,WTI Crude Oil Futures
2024-09-24 00:00:00-04:00,70.76000213623047,72.4000015258789,70.44000244140625,71.55999755859375,318516,0.0,0.0,CL=F,WTI Crude Oil Futures
2024-09-25 00:00:00-04:00,71.54000091552734,71.72000122070312,69.2300033569336,69.69000244140625,476237,0.0,0.0,CL=F,WTI Crude Oil Futures
2024-09-26 00:00:00-04:00,69.88999938964844,70.01000213623047,66.94999694824219,67.66999816894531,478069,0.0,0.0,CL=F,WTI Crude Oil Futures
2024-09-27 00:00:00-04:00,67.44999694824219,68.6500015258789,67.05999755859375,68.18000030517578,341133,0.0,0.0,CL=F,WTI Crude Oil Futures
2024-09-30 00:00:00-04:00,68.62999725341797,69.31999969482422,67.56999969482422,68.16999816894531,350115,0.0,0.0,CL=F,WTI Crude Oil Futures
2024-10-01 00:00:00-04:00,68.41000366210938,71.94000244140625,66.33000183105469,69.83000183105469,668216,0.0,0.0,CL=F,WTI Crude Oil Futures
2024-10-02 00:00:00-04:00,70.80000305175781,72.48999786376953,69.87000274658203,70.0999984741211,429225,0.0,0.0,CL=F,WTI Crude Oil Futures
2024-10-03 00:00:00-04:00,70.9800033569336,74.08999633789062,70.5199966430664,73.70999908447266,460554,0.0,0.0,CL=F,WTI Crude Oil Futures
2024-10-04 00:00:00-04:00,73.94999694824219,75.56999969482422,73.45999908447266,74.37999725341797,428815,0.0,0.0,CL=F,WTI Crude Oil Futures
2024-10-07 00:00:00-04:00,74.4000015258789,77.4000015258789,73.62000274658203,77.13999938964844,419018,0.0,0.0,CL=F,WTI Crude Oil Futures
2024-10-08 00:00:00-04:00,77.33000183105469,78.45999908447266,72.69000244140625,73.56999969482422,496760,0.0,0.0,CL=F,WTI Crude Oil Futures
2024-10-09 00:00:00-04:00,73.83999633789062,74.44999694824219,71.52999877929688,73.23999786376953,401159,0.0,0.0,CL=F,WTI Crude Oil Futures
2024-10-10 00:00:00-04:00,73.38999938964844,76.23999786376953,73.26000213623047,75.8499984741211,321453,0.0,0.0,CL=F,WTI Crude Oil Futures
2024-10-11 00:00:00-04:00,75.73999786376953,76.04000091552734,74.52999877929688,75.55999755859375,315302,0.0,0.0,CL=F,WTI Crude Oil Futures
2024-10-14 00:00:00-04:00,75.05000305175781,75.08000183105469,71.80999755859375,73.83000183105469,273455,0.0,0.0,CL=F,WTI Crude Oil Futures
2024-10-15 00:00:00-04:00,71.51000213623047,72.12000274658203,69.70999908447266,70.58000183105469,328738,0.0,0.0,CL=F,WTI Crude Oil Futures
2024-10-16 00:00:00-04:00,70.98999786376953,71.30999755859375,69.63999938964844,70.38999938964844,222437,0.0,0.0,CL=F,WTI Crude Oil Futures
2024-10-17 00:00:00-04:00,70.68000030517578,71.11000061035156,69.44000244140625,70.66999816894531,188161,0.0,0.0,CL=F,WTI Crude Oil Futures
2024-10-18 00:00:00-04:00,70.75,71.2300033569336,68.69000244140625,69.22000122070312,95768,0.0,0.0,CL=F,WTI Crude Oil Futures
2024-10-21 00:00:00-04:00,69.45999908447266,71.02999877929688,69.0,70.55999755859375,92584,0.0,0.0,CL=F,WTI Crude Oil Futures
2024-10-22 00:00:00-04:00,70.48999786376953,72.66000366210938,70.05000305175781,72.08999633789062,330456,0.0,0.0,CL=F,WTI Crude Oil Futures
2024-10-23 00:00:00-04:00,71.3499984741211,71.72000122070312,70.12999725341797,70.7699966430664,293835,0.0,0.0,CL=F,WTI Crude Oil Futures
2024-10-24 00:00:00-04:00,71.0199966430664,72.33999633789062,69.7699966430664,70.19000244140625,286571,0.0,0.0,CL=F,WTI Crude Oil Futures
2024-10-25 00:00:00-04:00,70.33000183105469,71.91999816894531,69.95999908447266,71.77999877929688,287189,0.0,0.0,CL=F,WTI Crude Oil Futures
2024-10-28 00:00:00-04:00,68.9800033569336,69.0,66.91999816894531,67.37999725341797,419623,0.0,0.0,CL=F,WTI Crude Oil Futures
2024-10-29 00:00:00-04:00,68.0199966430664,68.5199966430664,66.72000122070312,67.20999908447266,291929,0.0,0.0,CL=F,WTI Crude Oil Futures
2024-10-30 00:00:00-04:00,67.47000122070312,69.16999816894531,67.27999877929688,68.61000061035156,284795,0.0,0.0,CL=F,WTI Crude Oil Futures
2024-10-31 00:00:00-04:00,69.0999984741211,70.80999755859375,68.30000305175781,69.26000213623047,311055,0.0,0.0,CL=F,WTI Crude Oil Futures
2024-11-01 00:00:00-04:00,70.44000244140625,71.44999694824219,69.31999969482422,69.48999786376953,320572,0.0,0.0,CL=F,WTI Crude Oil Futures
2024-11-04 00:00:00-05:00,70.29000091552734,71.80999755859375,70.25,71.47000122070312,286947,0.0,0.0,CL=F,WTI Crude Oil Futures
2024-11-05 00:00:00-05:00,71.62000274658203,72.66999816894531,71.29000091552734,71.98999786376953,247311,0.0,0.0,CL=F,WTI Crude Oil Futures
2024-11-06 00:00:00-05:00,72.0199966430664,72.62999725341797,69.73999786376953,71.69000244140625,388265,0.0,0.0,CL=F,WTI Crude Oil Futures
2024-11-07 00:00:00-05:00,71.87000274658203,72.87999725341797,70.66000366210938,72.36000061035156,353595,0.0,0.0,CL=F,WTI Crude Oil Futures
2024-11-08 00:00:00-05:00,72.20999908447266,72.25,69.98999786376953,70.37999725341797,362038,0.0,0.0,CL=F,WTI Crude Oil Futures
2024-11-11 00:00:00-05:00,70.25,70.55999755859375,67.91999816894531,68.04000091552734,364506,0.0,0.0,CL=F,WTI Crude Oil Futures
2024-11-12 00:00:00-05:00,68.1500015258789,69.12999725341797,67.75,68.12000274658203,286926,0.0,0.0,CL=F,WTI Crude Oil Futures
2024-11-13 00:00:00-05:00,67.9800033569336,68.86000061035156,66.94000244140625,68.43000030517578,386027,0.0,0.0,CL=F,WTI Crude Oil Futures
2024-11-14 00:00:00-05:00,68.12999725341797,69.38999938964844,67.91999816894531,68.69999694824219,232270,0.0,0.0,CL=F,WTI Crude Oil Futures
2024-11-15 00:00:00-05:00,68.62000274658203,68.69000244140625,66.81999969482422,67.0199966430664,205235,0.0,0.0,CL=F,WTI Crude Oil Futures
2024-11-18 00:00:00-05:00,66.86000061035156,69.38999938964844,66.61000061035156,69.16000366210938,110375,0.0,0.0,CL=F,WTI Crude Oil Futures
2024-11-19 00:00:00-05:00,69.01000213623047,69.69000244140625,68.44999694824219,69.38999938964844,89360,0.0,0.0,CL=F,WTI Crude Oil Futures
2024-11-20 00:00:00-05:00,69.55000305175781,70.1500015258789,68.75,68.87000274658203,235637,0.0,0.0,CL=F,WTI Crude Oil Futures
2024-11-21 00:00:00-05:00,69.04000091552734,70.37999725341797,68.86000061035156,70.0999984741211,283850,0.0,0.0,CL=F,WTI Crude Oil Futures
2024-11-22 00:00:00-05:00,70.18000030517578,71.51000213623047,69.29000091552734,71.23999786376953,408207,0.0,0.0,CL=F,WTI Crude Oil Futures
2024-11-25 00:00:00-05:00,71.44000244140625,71.4800033569336,68.73999786376953,68.94000244140625,380922,0.0,0.0,CL=F,WTI Crude Oil Futures
2024-11-26 00:00:00-05:00,69.08000183105469,70.30000305175781,68.05000305175781,68.7699966430664,292138,0.0,0.0,CL=F,WTI Crude Oil Futures
2024-11-27 00:00:00-05:00,68.91000366210938,69.37000274658203,68.18000030517578,68.72000122070312,227215,0.0,0.0,CL=F,WTI Crude Oil Futures
2024-11-29 00:00:00-05:00,68.7699966430664,69.69000244140625,67.87000274658203,68.0,291408,0.0,0.0,CL=F,WTI Crude Oil Futures
2024-12-02 00:00:00-05:00,68.0,69.11000061035156,67.70999908447266,68.0999984741211,264883,0.0,0.0,CL=F,WTI Crude Oil Futures
2024-12-03 00:00:00-05:00,68.16000366210938,70.2300033569336,67.91000366210938,69.94000244140625,303752,0.0,0.0,CL=F,WTI Crude Oil Futures
2024-12-04 00:00:00-05:00,70.0199966430664,70.51000213623047,68.48999786376953,68.54000091552734,325636,0.0,0.0,CL=F,WTI Crude Oil Futures
2024-12-05 00:00:00-05:00,68.73999786376953,69.16000366210938,67.9800033569336,68.30000305175781,286701,0.0,0.0,CL=F,WTI Crude Oil Futures
2024-12-06 00:00:00-05:00,68.44000244140625,68.48999786376953,66.9800033569336,67.19999694824219,341593,0.0,0.0,CL=F,WTI Crude Oil Futures
2024-12-09 00:00:00-05:00,67.1500015258789,68.87999725341797,67.08000183105469,68.37000274658203,297085,0.0,0.0,CL=F,WTI Crude Oil Futures
2024-12-10 00:00:00-05:00,68.19000244140625,69.05999755859375,67.72000122070312,68.58999633789062,286003,0.0,0.0,CL=F,WTI Crude Oil Futures
2024-12-11 00:00:00-05:00,68.5,70.52999877929688,68.44000244140625,70.29000091552734,335892,0.0,0.0,CL=F,WTI Crude Oil Futures
2024-12-12 00:00:00-05:00,70.43000030517578,70.72000122070312,69.13999938964844,70.0199966430664,326046,0.0,0.0,CL=F,WTI Crude Oil Futures
2024-12-13 00:00:00-05:00,70.05999755859375,71.41999816894531,69.87000274658203,71.29000091552734,230429,0.0,0.0,CL=F,WTI Crude Oil Futures
2024-12-16 00:00:00-05:00,71.44000244140625,71.44000244140625,70.37000274658203,70.70999908447266,204296,0.0,0.0,CL=F,WTI Crude Oil Futures
2024-12-17 00:00:00-05:00,70.61000061035156,70.91999816894531,69.18000030517578,70.08000183105469,99604,0.0,0.0,CL=F,WTI Crude Oil Futures
2024-12-18 00:00:00-05:00,70.22000122070312,71.37999725341797,69.98999786376953,70.58000183105469,99386,0.0,0.0,CL=F,WTI Crude Oil Futures
2024-12-19 00:00:00-05:00,70.13999938964844,71.26000213623047,69.69999694824219,69.91000366210938,291660,0.0,0.0,CL=F,WTI Crude Oil Futures
2024-12-20 00:00:00-05:00,69.2300033569336,69.8499984741211,68.41999816894531,69.45999908447266,231592,0.0,0.0,CL=F,WTI Crude Oil Futures
2024-12-23 00:00:00-05:00,69.4000015258789,69.94000244140625,68.58999633789062,69.23999786376953,188843,0.0,0.0,CL=F,WTI Crude Oil Futures
2024-12-24 00:00:00-05:00,69.55999755859375,70.43000030517578,69.36000061035156,70.0999984741211,122602,0.0,0.0,CL=F,WTI Crude Oil Futures
2024-12-26 00:00:00-05:00,70.19999694824219,70.75,69.33000183105469,69.62000274658203,144877,0.0,0.0,CL=F,WTI Crude Oil Futures
2024-12-27 00:00:00-05:00,69.68000030517578,70.75,69.44000244140625,70.5999984741211,172641,0.0,0.0,CL=F,WTI Crude Oil Futures
2024-12-30 00:00:00-05:00,70.41999816894531,71.55999755859375,70.12000274658203,70.98999786376953,199296,0.0,0.0,CL=F,WTI Crude Oil Futures
2024-12-31 00:00:00-05:00,71.1500015258789,72.0199966430664,70.87000274658203,71.72000122070312,151155,0.0,0.0,CL=F,WTI Crude Oil Futures
2025-01-02 00:00:00-05:00,71.8499984741211,73.7300033569336,71.79000091552734,73.12999725341797,306498,0.0,0.0,CL=F,WTI Crude Oil Futures
2025-01-03 00:00:00-05:00,73.12999725341797,74.3499984741211,72.69999694824219,73.95999908447266,296040,0.0,0.0,CL=F,WTI Crude Oil Futures
2025-01-06 00:00:00-05:00,74.05000305175781,74.98999786376953,73.19999694824219,73.55999755859375,306042,0.0,0.0,CL=F,WTI Crude Oil Futures
2025-01-07 00:00:00-05:00,73.44000244140625,74.52999877929688,73.11000061035156,74.25,277328,0.0,0.0,CL=F,WTI Crude Oil Futures
2025-01-08 00:00:00-05:00,74.5199966430664,75.29000091552734,73.16000366210938,73.31999969482422,328617,0.0,0.0,CL=F,WTI Crude Oil Futures
2025-01-09 00:00:00-05:00,73.31999969482422,74.31999969482422,72.83999633789062,73.91999816894531,213421,0.0,0.0,CL=F,WTI Crude Oil Futures
2025-01-10 00:00:00-05:00,74.29000091552734,77.86000061035156,74.0199966430664,76.56999969482422,478432,0.0,0.0,CL=F,WTI Crude Oil Futures
2025-01-13 00:00:00-05:00,76.54000091552734,79.2699966430664,76.54000091552734,78.81999969482422,460942,0.0,0.0,CL=F,WTI Crude Oil Futures
2025-01-14 00:00:00-05:00,78.81999969482422,79.08999633789062,77.41000366210938,77.5,326729,0.0,0.0,CL=F,WTI Crude Oil Futures
2025-01-15 00:00:00-05:00,78.02999877929688,80.7699966430664,77.23999786376953,80.04000091552734,321422,0.0,0.0,CL=F,WTI Crude Oil Futures
2025-01-16 00:00:00-05:00,80.4000015258789,80.58999633789062,77.87000274658203,78.68000030517578,159948,0.0,0.0,CL=F,WTI Crude Oil Futures
2025-01-17 00:00:00-05:00,78.75,79.44000244140625,77.76000213623047,77.87999725341797,112409,0.0,0.0,CL=F,WTI Crude Oil Futures
2025-01-21 00:00:00-05:00,78.19000244140625,78.47000122070312,75.48999786376953,75.88999938964844,568807,0.0,0.0,CL=F,WTI Crude Oil Futures
2025-01-22 00:00:00-05:00,75.87999725341797,76.44999694824219,75.27999877929688,75.44000244140625,315333,0.0,0.0,CL=F,WTI Crude Oil Futures
2025-01-23 00:00:00-05:00,75.38999938964844,76.0,74.13999938964844,74.62000274658203,350688,0.0,0.0,CL=F,WTI Crude Oil Futures
2025-01-24 00:00:00-05:00,74.30000305175781,75.20999908447266,74.01000213623047,74.66000366210938,319679,0.0,0.0,CL=F,WTI Crude Oil Futures
2025-01-27 00:00:00-05:00,74.54000091552734,75.1500015258789,72.37999725341797,73.16999816894531,334418,0.0,0.0,CL=F,WTI Crude Oil Futures
2025-01-28 00:00:00-05:00,73.1500015258789,74.30999755859375,72.93000030517578,73.7699966430664,326075,0.0,0.0,CL=F,WTI Crude Oil Futures
2025-01-29 00:00:00-05:00,73.94999694824219,74.08000183105469,72.33000183105469,72.62000274658203,312733,0.0,0.0,CL=F,WTI Crude Oil Futures
2025-01-30 00:00:00-05:00,73.0,73.83999633789062,72.0199966430664,72.7300033569336,336475,0.0,0.0,CL=F,WTI Crude Oil Futures
2025-01-31 00:00:00-05:00,73.19999694824219,73.83999633789062,71.94000244140625,72.52999877929688,376335,0.0,0.0,CL=F,WTI Crude Oil Futures
2025-02-03 00:00:00-05:00,74.13999938964844,75.18000030517578,72.05000305175781,73.16000366210938,517853,0.0,0.0,CL=F,WTI Crude Oil Futures
2025-02-04 00:00:00-05:00,72.3499984741211,73.3499984741211,70.66999816894531,72.69999694824219,452961,0.0,0.0,CL=F,WTI Crude Oil Futures
2025-02-05 00:00:00-05:00,72.76000213623047,72.97000122070312,70.95999908447266,71.02999877929688,289902,0.0,0.0,CL=F,WTI Crude Oil Futures
2025-02-06 00:00:00-05:00,71.18000030517578,71.8499984741211,70.43000030517578,70.61000061035156,299037,0.0,0.0,CL=F,WTI Crude Oil Futures
2025-02-07 00:00:00-05:00,70.55999755859375,71.41000366210938,70.47000122070312,71.0,273766,0.0,0.0,CL=F,WTI Crude Oil Futures
2025-02-10 00:00:00-05:00,71.0,72.54000091552734,70.83999633789062,72.31999969482422,255941,0.0,0.0,CL=F,WTI Crude Oil Futures
2025-02-11 00:00:00-05:00,72.48999786376953,73.68000030517578,72.30999755859375,73.31999969482422,266819,0.0,0.0,CL=F,WTI Crude Oil Futures
2025-02-12 00:00:00-05:00,73.19999694824219,73.22000122070312,71.16999816894531,71.37000274658203,318123,0.0,0.0,CL=F,WTI Crude Oil Futures
2025-02-13 00:00:00-05:00,71.23999786376953,71.5999984741211,70.22000122070312,71.29000091552734,278197,0.0,0.0,CL=F,WTI Crude Oil Futures
2025-02-14 00:00:00-05:00,71.5199966430664,72.0199966430664,70.5199966430664,70.73999786376953,207719,0.0,0.0,CL=F,WTI Crude Oil Futures
2025-02-18 00:00:00-05:00,70.69999694824219,72.06999969482422,70.12000274658203,71.8499984741211,130937,0.0,0.0,CL=F,WTI Crude Oil Futures
2025-02-19 00:00:00-05:00,71.77999877929688,73.04000091552734,71.70999908447266,72.25,69012,0.0,0.0,CL=F,WTI Crude Oil Futures
2025-02-20 00:00:00-05:00,72.18000030517578,73.25,71.8499984741211,72.56999969482422,240060,0.0,0.0,CL=F,WTI Crude Oil Futures
2025-02-21 00:00:00-05:00,72.58000183105469,72.7699966430664,70.16999816894531,70.4000015258789,268470,0.0,0.0,CL=F,WTI Crude Oil Futures
2025-02-24 00:00:00-05:00,69.80000305175781,70.94000244140625,69.80000305175781,70.69999694824219,205468,0.0,0.0,CL=F,WTI Crude Oil Futures
2025-02-25 00:00:00-05:00,70.91999816894531,71.26000213623047,68.68000030517578,68.93000030517578,267310,0.0,0.0,CL=F,WTI Crude Oil Futures
2025-02-26 00:00:00-05:00,69.11000061035156,69.27999877929688,68.36000061035156,68.62000274658203,255601,0.0,0.0,CL=F,WTI Crude Oil Futures
2025-02-27 00:00:00-05:00,68.81999969482422,70.54000091552734,68.61000061035156,70.3499984741211,265933,0.0,0.0,CL=F,WTI Crude Oil Futures
2025-02-28 00:00:00-05:00,70.16999816894531,70.29000091552734,69.13999938964844,69.76000213623047,250074,0.0,0.0,CL=F,WTI Crude Oil Futures
2025-03-03 00:00:00-05:00,69.94999694824219,70.5999984741211,67.88999938964844,68.37000274658203,332751,0.0,0.0,CL=F,WTI Crude Oil Futures
2025-03-04 00:00:00-05:00,68.45999908447266,68.55999755859375,66.7699966430664,68.26000213623047,386750,0.0,0.0,CL=F,WTI Crude Oil Futures
2025-03-05 00:00:00-05:00,68.08000183105469,68.0999984741211,65.22000122070312,66.30999755859375,382493,0.0,0.0,CL=F,WTI Crude Oil Futures
2025-03-06 00:00:00-05:00,66.38999938964844,67.08999633789062,65.58999633789062,66.36000061035156,341632,0.0,0.0,CL=F,WTI Crude Oil Futures
2025-03-07 00:00:00-05:00,66.33999633789062,68.22000122070312,66.12000274658203,67.04000091552734,329710,0.0,0.0,CL=F,WTI Crude Oil Futures
2025-03-10 00:00:00-04:00,67.11000061035156,67.5999984741211,65.80000305175781,66.02999877929688,249633,0.0,0.0,CL=F,WTI Crude Oil Futures
2025-03-11 00:00:00-04:00,65.94999694824219,67.16999816894531,65.29000091552734,66.25,222511,0.0,0.0,CL=F,WTI Crude Oil Futures
2025-03-12 00:00:00-04:00,66.62000274658203,67.87999725341797,66.1500015258789,67.68000030517578,246675,0.0,0.0,CL=F,WTI Crude Oil Futures
2025-03-13 00:00:00-04:00,67.69000244140625,67.94000244140625,66.37000274658203,66.55000305175781,268590,0.0,0.0,CL=F,WTI Crude Oil Futures
2025-03-14 00:00:00-04:00,66.77999877929688,67.4800033569336,66.58999633789062,67.18000030517578,180495,0.0,0.0,CL=F,WTI Crude Oil Futures
2025-03-17 00:00:00-04:00,67.3499984741211,68.37000274658203,67.25,67.58000183105469,161298,0.0,0.0,CL=F,WTI Crude Oil Futures
2025-03-18 00:00:00-04:00,67.4000015258789,68.72000122070312,66.55999755859375,66.9000015258789,110338,0.0,0.0,CL=F,WTI Crude Oil Futures
2025-03-19 00:00:00-04:00,66.72000122070312,67.62999725341797,66.20999908447266,67.16000366210938,73077,0.0,0.0,CL=F,WTI Crude Oil Futures
2025-03-20 00:00:00-04:00,67.29000091552734,68.47000122070312,66.87999725341797,68.26000213623047,283376,0.0,0.0,CL=F,WTI Crude Oil Futures
2025-03-21 00:00:00-04:00,68.3499984741211,68.6500015258789,67.6500015258789,68.27999877929688,198964,0.0,0.0,CL=F,WTI Crude Oil Futures
2025-03-24 00:00:00-04:00,68.3499984741211,69.33000183105469,67.94999694824219,69.11000061035156,247024,0.0,0.0,CL=F,WTI Crude Oil Futures
2025-03-25 00:00:00-04:00,69.16000366210938,69.68000030517578,68.5199966430664,69.0,258411,0.0,0.0,CL=F,WTI Crude Oil Futures
2025-03-26 00:00:00-04:00,69.16000366210938,70.22000122070312,69.05999755859375,69.6500015258789,262413,0.0,0.0,CL=F,WTI Crude Oil Futures
2025-03-27 00:00:00-04:00,69.95999908447266,69.97000122070312,69.12000274658203,69.91999816894531,211825,0.0,0.0,CL=F,WTI Crude Oil Futures
2025-03-28 00:00:00-04:00,69.91000366210938,70.08999633789062,68.87000274658203,69.36000061035156,246650,0.0,0.0,CL=F,WTI Crude Oil Futures
2025-03-31 00:00:00-04:00,69.43000030517578,71.83000183105469,68.80999755859375,71.4800033569336,313087,0.0,0.0,CL=F,WTI Crude Oil Futures
2025-04-01 00:00:00-04:00,71.38999938964844,72.0999984741211,71.02999877929688,71.19999694824219,272832,0.0,0.0,CL=F,WTI Crude Oil Futures
2025-04-02 00:00:00-04:00,71.19999694824219,72.27999877929688,70.58999633789062,71.70999908447266,286501,0.0,0.0,CL=F,WTI Crude Oil Futures
2025-04-03 00:00:00-04:00,70.37999725341797,70.41000366210938,65.9800033569336,66.94999694824219,459238,0.0,0.0,CL=F,WTI Crude Oil Futures
2025-04-04 00:00:00-04:00,66.63999938964844,66.9000015258789,60.45000076293945,61.9900016784668,559638,0.0,0.0,CL=F,WTI Crude Oil Futures
2025-04-07 00:00:00-04:00,61.119998931884766,63.900001525878906,58.95000076293945,60.70000076293945,597617,0.0,0.0,CL=F,WTI Crude Oil Futures
2025-04-08 00:00:00-04:00,61.029998779296875,61.75,57.880001068115234,59.58000183105469,557655,0.0,0.0,CL=F,WTI Crude Oil Futures
2025-04-09 00:00:00-04:00,58.31999969482422,62.93000030517578,55.119998931884766,62.349998474121094,592250,0.0,0.0,CL=F,WTI Crude Oil Futures
2025-04-10 00:00:00-04:00,62.709999084472656,63.34000015258789,58.7599983215332,60.06999969482422,391826,0.0,0.0,CL=F,WTI Crude Oil Futures
2025-04-11 00:00:00-04:00,60.20000076293945,61.869998931884766,59.43000030517578,61.5,306231,0.0,0.0,CL=F,WTI Crude Oil Futures
2025-04-14 00:00:00-04:00,61.70000076293945,62.68000030517578,60.59000015258789,61.529998779296875,238068,0.0,0.0,CL=F,WTI Crude Oil Futures
2025-04-15 00:00:00-04:00,61.58000183105469,62.060001373291016,60.880001068115234,61.33000183105469,197404,0.0,0.0,CL=F,WTI Crude Oil Futures
2025-04-16 00:00:00-04:00,61.540000915527344,62.97999954223633,60.439998626708984,62.470001220703125,213194,0.0,0.0,CL=F,WTI Crude Oil Futures
2025-04-17 00:00:00-04:00,62.630001068115234,64.86000061035156,62.61000061035156,64.68000030517578,111479,0.0,0.0,CL=F,WTI Crude Oil Futures
2025-04-21 00:00:00-04:00,64.30000305175781,64.41999816894531,62.45000076293945,63.08000183105469,82671,0.0,0.0,CL=F,WTI Crude Oil Futures
2025-04-22 00:00:00-04:00,63.43000030517578,65.08999633789062,63.43000030517578,64.30999755859375,297928,0.0,0.0,CL=F,WTI Crude Oil Futures
2025-04-23 00:00:00-04:00,64.0,64.87000274658203,61.529998779296875,62.27000045776367,397841,0.0,0.0,CL=F,WTI Crude Oil Futures
2025-04-24 00:00:00-04:00,62.34000015258789,63.310001373291016,61.9900016784668,62.790000915527344,264908,0.0,0.0,CL=F,WTI Crude Oil Futures
2025-04-25 00:00:00-04:00,62.86000061035156,63.40999984741211,61.79999923706055,63.02000045776367,283758,0.0,0.0,CL=F,WTI Crude Oil Futures
2025-04-28 00:00:00-04:00,63.4900016784668,63.91999816894531,61.47999954223633,62.04999923706055,276116,0.0,0.0,CL=F,WTI Crude Oil Futures
2025-04-29 00:00:00-04:00,61.869998931884766,62.06999969482422,60.119998931884766,60.41999816894531,312373,0.0,0.0,CL=F,WTI Crude Oil Futures
2025-04-30 00:00:00-04:00,60.15999984741211,60.43000030517578,57.90999984741211,58.209999084472656,419549,0.0,0.0,CL=F,WTI Crude Oil Futures
2025-05-01 00:00:00-04:00,58.15999984741211,59.5,56.38999938964844,59.2400016784668,364216,0.0,0.0,CL=F,WTI Crude Oil Futures
2025-05-02 00:00:00-04:00,58.9900016784668,59.869998931884766,57.7400016784668,58.290000915527344,322096,0.0,0.0,CL=F,WTI Crude Oil Futures
2025-05-05 00:00:00-04:00,56.7599983215332,57.70000076293945,55.29999923706055,57.130001068115234,308387,0.0,0.0,CL=F,WTI Crude Oil Futures
2025-05-06 00:00:00-04:00,57.25,59.84000015258789,57.029998779296875,59.09000015258789,343893,0.0,0.0,CL=F,WTI Crude Oil Futures
2025-05-07 00:00:00-04:00,58.97999954223633,60.2599983215332,57.810001373291016,58.06999969482422,295238,0.0,0.0,CL=F,WTI Crude Oil Futures
2025-05-08 00:00:00-04:00,57.93000030517578,60.290000915527344,57.7400016784668,59.90999984741211,281000,0.0,0.0,CL=F,WTI Crude Oil Futures
2025-05-09 00:00:00-04:00,60.25,61.45000076293945,59.88999938964844,61.02000045776367,239640,0.0,0.0,CL=F,WTI Crude Oil Futures
2025-05-12 00:00:00-04:00,61.38999938964844,63.61000061035156,61.02000045776367,61.95000076293945,325865,0.0,0.0,CL=F,WTI Crude Oil Futures
2025-05-13 00:00:00-04:00,62.0,63.900001525878906,61.650001525878906,63.66999816894531,258795,0.0,0.0,CL=F,WTI Crude Oil Futures
2025-05-14 00:00:00-04:00,63.619998931884766,63.68000030517578,62.75,63.150001525878906,225626,0.0,0.0,CL=F,WTI Crude Oil Futures
2025-05-15 00:00:00-04:00,62.880001068115234,62.90999984741211,60.470001220703125,61.619998931884766,258404,0.0,0.0,CL=F,WTI Crude Oil Futures
2025-05-16 00:00:00-04:00,61.70000076293945,62.709999084472656,61.25,62.4900016784668,121556,0.0,0.0,CL=F,WTI Crude Oil Futures
2025-05-19 00:00:00-04:00,62.75,63.400001525878906,61.56999969482422,62.689998626708984,95570,0.0,0.0,CL=F,WTI Crude Oil Futures
2025-05-20 00:00:00-04:00,62.68000030517578,63.16999816894531,62.189998626708984,62.560001373291016,250414,0.0,0.0,CL=F,WTI Crude Oil Futures
2025-05-21 00:00:00-04:00,62.27000045776367,64.19000244140625,61.279998779296875,61.56999969482422,302702,0.0,0.0,CL=F,WTI Crude Oil Futures
2025-05-22 00:00:00-04:00,61.33000183105469,61.75,60.25,61.20000076293945,258549,0.0,0.0,CL=F,WTI Crude Oil Futures
2025-05-23 00:00:00-04:00,60.810001373291016,61.880001068115234,60.02000045776367,61.529998779296875,273392,0.0,0.0,CL=F,WTI Crude Oil Futures
2025-05-27 00:00:00-04:00,61.70000076293945,62.13999938964844,60.2599983215332,60.88999938964844,291317,0.0,0.0,CL=F,WTI Crude Oil Futures
2025-05-28 00:00:00-04:00,61.040000915527344,62.540000915527344,60.849998474121094,61.84000015258789,260374,0.0,0.0,CL=F,WTI Crude Oil Futures
2025-05-29 00:00:00-04:00,61.83000183105469,63.06999969482422,60.54999923706055,60.939998626708984,299859,0.0,0.0,CL=F,WTI Crude Oil Futures
2025-05-30 00:00:00-04:00,60.939998626708984,61.720001220703125,59.7400016784668,60.790000915527344,384927,0.0,0.0,CL=F,WTI Crude Oil Futures
2025-06-02 00:00:00-04:00,61.11000061035156,63.880001068115234,61.060001373291016,62.52000045776367,403580,0.0,0.0,CL=F,WTI Crude Oil Futures
2025-06-03 00:00:00-04:00,63.02000045776367,63.88999938964844,62.400001525878906,63.40999984741211,291260,0.0,0.0,CL=F,WTI Crude Oil Futures
2025-06-04 00:00:00-04:00,63.36000061035156,63.959999084472656,62.16999816894531,62.849998474121094,321128,0.0,0.0,CL=F,WTI Crude Oil Futures
2025-06-05 00:00:00-04:00,62.7599983215332,63.97999954223633,62.5,63.369998931884766,232423,0.0,0.0,CL=F,WTI Crude Oil Futures
2025-06-06 00:00:00-04:00,63.33000183105469,64.80000305175781,62.81999969482422,64.58000183105469,310133,0.0,0.0,CL=F,WTI Crude Oil Futures
2025-06-09 00:00:00-04:00,64.80000305175781,65.43000030517578,64.19999694824219,65.29000091552734,235900,0.0,0.0,CL=F,WTI Crude Oil Futures
2025-06-10 00:00:00-04:00,65.45999908447266,66.27999877929688,64.56999969482422,64.9800033569336,279021,0.0,0.0,CL=F,WTI Crude Oil Futures
2025-06-11 00:00:00-04:00,64.76000213623047,68.37000274658203,64.5999984741211,68.1500015258789,378473,0.0,0.0,CL=F,WTI Crude Oil Futures
2025-06-12 00:00:00-04:00,69.02999877929688,69.29000091552734,66.72000122070312,68.04000091552734,379394,0.0,0.0,CL=F,WTI Crude Oil Futures
2025-06-13 00:00:00-04:00,68.9000015258789,77.62000274658203,68.48999786376953,72.9800033569336,715652,0.0,0.0,CL=F,WTI Crude Oil Futures
2025-06-16 00:00:00-04:00,76.54000091552734,77.48999786376953,69.37999725341797,71.7699966430664,367312,0.0,0.0,CL=F,WTI Crude Oil Futures
2025-06-17 00:00:00-04:00,71.11000061035156,75.54000091552734,71.0,74.83999633789062,154264,0.0,0.0,CL=F,WTI Crude Oil Futures
2025-06-18 00:00:00-04:00,75.61000061035156,76.06999969482422,72.94000244140625,75.13999938964844,0,0.0,0.0,CL=F,WTI Crude Oil Futures
2025-06-20 00:00:00-04:00,74.5999984741211,77.58000183105469,74.30000305175781,74.93000030517578,678377,0.0,0.0,CL=F,WTI Crude Oil Futures
2025-06-23 00:00:00-04:00,78.0,78.4000015258789,66.5999984741211,68.51000213623047,728868,0.0,0.0,CL=F,WTI Crude Oil Futures
2025-06-24 00:00:00-04:00,67.73999786376953,67.83000183105469,64.0,64.37000274658203,541475,0.0,0.0,CL=F,WTI Crude Oil Futures
2025-06-25 00:00:00-04:00,65.12000274658203,66.02999877929688,64.51000213623047,64.91999816894531,278504,0.0,0.0,CL=F,WTI Crude Oil Futures
2025-06-26 00:00:00-04:00,64.9800033569336,66.41999816894531,64.66000366210938,65.23999786376953,233771,0.0,0.0,CL=F,WTI Crude Oil Futures
2025-06-27 00:00:00-04:00,65.30000305175781,66.08999633789062,64.80000305175781,65.5199966430664,236284,0.0,0.0,CL=F,WTI Crude Oil Futures
2025-06-30 00:00:00-04:00,65.1500015258789,65.81999969482422,64.5,65.11000061035156,193289,0.0,0.0,CL=F,WTI Crude Oil Futures
2025-07-01 00:00:00-04:00,64.95999908447266,65.9800033569336,64.66999816894531,65.44999694824219,193162,0.0,0.0,CL=F,WTI Crude Oil Futures
2025-07-02 00:00:00-04:00,65.55999755859375,67.58000183105469,65.2300033569336,67.44999694824219,265200,0.0,0.0,CL=F,WTI Crude Oil Futures
2025-07-03 00:00:00-04:00,67.5,67.58000183105469,66.52999877929688,67.0,0,0.0,0.0,CL=F,WTI Crude Oil Futures
2025-07-04 00:00:00-04:00,67.12999725341797,67.18000030517578,66.04000091552734,66.5,0,0.0,0.0,CL=F,WTI Crude Oil Futures
2025-07-07 00:00:00-04:00,65.69999694824219,68.31999969482422,65.4000015258789,67.93000030517578,332949,0.0,0.0,CL=F,WTI Crude Oil Futures
2025-07-08 00:00:00-04:00,67.95999908447266,68.91000366210938,67.33000183105469,68.33000183105469,219882,0.0,0.0,CL=F,WTI Crude Oil Futures
2025-07-09 00:00:00-04:00,68.18000030517578,68.94000244140625,67.69999694824219,68.37999725341797,223945,0.0,0.0,CL=F,WTI Crude Oil Futures
2025-07-10 00:00:00-04:00,68.29000091552734,68.6500015258789,66.44999694824219,66.56999969482422,258654,0.0,0.0,CL=F,WTI Crude Oil Futures
2025-07-11 00:00:00-04:00,66.8499984741211,68.7699966430664,66.5,68.44999694824219,226297,0.0,0.0,CL=F,WTI Crude Oil Futures
2025-07-14 00:00:00-04:00,68.68000030517578,69.6500015258789,66.80000305175781,66.9800033569336,263877,0.0,0.0,CL=F,WTI Crude Oil Futures
2025-07-15 00:00:00-04:00,66.86000061035156,67.12999725341797,66.22000122070312,66.5199966430664,252724,0.0,0.0,CL=F,WTI Crude Oil Futures
2025-07-16 00:00:00-04:00,66.7300033569336,67.01000213623047,65.41999816894531,66.37999725341797,248346,0.0,0.0,CL=F,WTI Crude Oil Futures
2025-07-17 00:00:00-04:00,66.5999984741211,67.69000244140625,66.29000091552734,67.54000091552734,188802,0.0,0.0,CL=F,WTI Crude Oil Futures
2025-07-18 00:00:00-04:00,67.5999984741211,68.95999908447266,67.19999694824219,67.33999633789062,107628,0.0,0.0,CL=F,WTI Crude Oil Futures
2025-07-21 00:00:00-04:00,67.31999969482422,67.76000213623047,66.45999908447266,67.19999694824219,81194,0.0,0.0,CL=F,WTI Crude Oil Futures
2025-07-22 00:00:00-04:00,67.12000274658203,67.12999725341797,65.98999786376953,66.20999908447266,269991,0.0,0.0,CL=F,WTI Crude Oil Futures
2025-07-23 00:00:00-04:00,65.48999786376953,65.77999877929688,64.70999908447266,65.25,251825,0.0,0.0,CL=F,WTI Crude Oil Futures
2025-07-24 00:00:00-04:00,65.41999816894531,66.38999938964844,65.33000183105469,66.02999877929688,281209,0.0,0.0,CL=F,WTI Crude Oil Futures
2025-07-25 00:00:00-04:00,66.1500015258789,66.73999786376953,65.0,65.16000366210938,234283,0.0,0.0,CL=F,WTI Crude Oil Futures
2025-07-28 00:00:00-04:00,65.1500015258789,67.13999938964844,65.05000305175781,66.70999908447266,262038,0.0,0.0,CL=F,WTI Crude Oil Futures
2025-07-29 00:00:00-04:00,67.04000091552734,69.76000213623047,66.52999877929688,69.20999908447266,329112,0.0,0.0,CL=F,WTI Crude Oil Futures
2025-07-30 00:00:00-04:00,69.33999633789062,70.51000213623047,68.44999694824219,70.0,345336,0.0,0.0,CL=F,WTI Crude Oil Futures
2025-07-31 00:00:00-04:00,70.30000305175781,70.41000366210938,68.55999755859375,69.26000213623047,247031,0.0,0.0,CL=F,WTI Crude Oil Futures
2025-08-01 00:00:00-04:00,69.3499984741211,69.58000183105469,67.05000305175781,67.33000183105469,355819,0.0,0.0,CL=F,WTI Crude Oil Futures
2025-08-04 00:00:00-04:00,66.8499984741211,67.73999786376953,65.45999908447266,66.29000091552734,277375,0.0,0.0,CL=F,WTI Crude Oil Futures
2025-08-05 00:00:00-04:00,66.20999908447266,66.38999938964844,65.02999877929688,65.16000366210938,279030,0.0,0.0,CL=F,WTI Crude Oil Futures
2025-08-06 00:00:00-04:00,65.1500015258789,66.75,63.63999938964844,64.3499984741211,353827,0.0,0.0,CL=F,WTI Crude Oil Futures
2025-08-07 00:00:00-04:00,64.36000061035156,65.11000061035156,63.70000076293945,63.880001068115234,300518,0.0,0.0,CL=F,WTI Crude Oil Futures
2025-08-08 00:00:00-04:00,63.849998474121094,64.58000183105469,62.77000045776367,63.880001068115234,322939,0.0,0.0,CL=F,WTI Crude Oil Futures
2025-08-11 00:00:00-04:00,63.47999954223633,64.44000244140625,63.02000045776367,63.959999084472656,234807,0.0,0.0,CL=F,WTI Crude Oil Futures
2025-08-12 00:00:00-04:00,64.0,64.33999633789062,63.060001373291016,63.16999816894531,304441,0.0,0.0,CL=F,WTI Crude Oil Futures
2025-08-13 00:00:00-04:00,63.06999969482422,63.380001068115234,61.939998626708984,62.650001525878906,298939,0.0,0.0,CL=F,WTI Crude Oil Futures
2025-08-14 00:00:00-04:00,62.790000915527344,64.0999984741211,62.58000183105469,63.959999084472656,251652,0.0,0.0,CL=F,WTI Crude Oil Futures
2025-08-15 00:00:00-04:00,63.90999984741211,64.1500015258789,62.68000030517578,62.79999923706055,197390,0.0,0.0,CL=F,WTI Crude Oil Futures
2025-08-18 00:00:00-04:00,63.0,63.790000915527344,62.18000030517578,63.41999816894531,95113,0.0,0.0,CL=F,WTI Crude Oil Futures
2025-08-19 00:00:00-04:00,63.27000045776367,63.38999938964844,62.25,62.349998474121094,99484,0.0,0.0,CL=F,WTI Crude Oil Futures
2025-08-20 00:00:00-04:00,62.599998474121094,63.54999923706055,62.38999938964844,63.209999084472656,280663,0.0,0.0,CL=F,WTI Crude Oil Futures
2025-08-21 00:00:00-04:00,62.849998474121094,63.66999816894531,62.52000045776367,63.52000045776367,250166,0.0,0.0,CL=F,WTI Crude Oil Futures
2025-08-22 00:00:00-04:00,63.5,63.93000030517578,63.310001373291016,63.65999984741211,223169,0.0,0.0,CL=F,WTI Crude Oil Futures
2025-08-25 00:00:00-04:00,63.880001068115234,65.0999984741211,63.529998779296875,64.80000305175781,185270,0.0,0.0,CL=F,WTI Crude Oil Futures
2025-08-26 00:00:00-04:00,64.75,64.76000213623047,63.130001068115234,63.25,199101,0.0,0.0,CL=F,WTI Crude Oil Futures
2025-08-27 00:00:00-04:00,63.310001373291016,64.2300033569336,62.95000076293945,64.1500015258789,193476,0.0,0.0,CL=F,WTI Crude Oil Futures
2025-08-28 00:00:00-04:00,63.869998931884766,64.69999694824219,63.349998474121094,64.5999984741211,208931,0.0,0.0,CL=F,WTI Crude Oil Futures
2025-08-29 00:00:00-04:00,64.26000213623047,64.55000305175781,63.880001068115234,64.01000213623047,0,0.0,0.0,CL=F,WTI Crude Oil Futures
2025-09-02 00:00:00-04:00,63.95000076293945,66.02999877929688,63.65999984741211,65.58999633789062,320218,0.0,0.0,CL=F,WTI Crude Oil Futures
2025-09-03 00:00:00-04:00,65.62000274658203,65.72000122070312,63.720001220703125,63.970001220703125,298737,0.0,0.0,CL=F,WTI Crude Oil Futures
2025-09-04 00:00:00-04:00,63.81999969482422,63.84000015258789,62.720001220703125,63.47999954223633,251689,0.0,0.0,CL=F,WTI Crude Oil Futures
2025-09-05 00:00:00-04:00,63.33000183105469,63.4900016784668,61.45000076293945,61.869998931884766,294540,0.0,0.0,CL=F,WTI Crude Oil Futures
2025-09-08 00:00:00-04:00,62.0,63.34000015258789,61.849998474121094,62.2599983215332,237288,0.0,0.0,CL=F,WTI Crude Oil Futures
2025-09-09 00:00:00-04:00,62.43000030517578,63.66999816894531,62.369998931884766,62.630001068115234,268529,0.0,0.0,CL=F,WTI Crude Oil Futures
2025-09-10 00:00:00-04:00,62.7400016784668,64.08000183105469,62.720001220703125,63.66999816894531,260684,0.0,0.0,CL=F,WTI Crude Oil Futures
2025-09-11 00:00:00-04:00,63.79999923706055,63.79999923706055,62.209999084472656,62.369998931884766,222661,0.0,0.0,CL=F,WTI Crude Oil Futures
2025-09-12 00:00:00-04:00,62.27000045776367,63.97999954223633,61.689998626708984,62.689998626708984,313265,0.0,0.0,CL=F,WTI Crude Oil Futures
2025-09-15 00:00:00-04:00,62.970001220703125,63.66999816894531,62.52000045776367,63.29999923706055,205560,0.0,0.0,CL=F,WTI Crude Oil Futures
2025-09-16 00:00:00-04:00,63.310001373291016,64.76000213623047,62.88999938964844,64.5199966430664,234250,0.0,0.0,CL=F,WTI Crude Oil Futures
2025-09-17 00:00:00-04:00,64.58999633789062,64.66999816894531,63.689998626708984,64.05000305175781,165427,0.0,0.0,CL=F,WTI Crude Oil Futures
2025-09-18 00:00:00-04:00,63.9900016784668,64.55000305175781,63.33000183105469,63.56999969482422,82321,0.0,0.0,CL=F,WTI Crude Oil Futures
2025-09-19 00:00:00-04:00,63.59000015258789,63.650001525878906,62.599998474121094,62.68000030517578,87165,0.0,0.0,CL=F,WTI Crude Oil Futures
2025-09-22 00:00:00-04:00,62.7400016784668,63.18000030517578,61.97999954223633,62.63999938964844,223779,0.0,0.0,CL=F,WTI Crude Oil Futures
2025-09-23 00:00:00-04:00,62.33000183105469,63.88999938964844,61.849998474121094,63.40999984741211,265948,0.0,0.0,CL=F,WTI Crude Oil Futures
2025-09-24 00:00:00-04:00,63.63999938964844,65.05000305175781,63.25,64.98999786376953,282721,0.0,0.0,CL=F,WTI Crude Oil Futures
2025-09-25 00:00:00-04:00,64.80000305175781,65.33999633789062,64.05999755859375,64.9800033569336,258353,0.0,0.0,CL=F,WTI Crude Oil Futures
2025-09-26 00:00:00-04:00,65.19999694824219,66.41999816894531,64.66000366210938,65.72000122070312,284990,0.0,0.0,CL=F,WTI Crude Oil Futures
2025-09-29 00:00:00-04:00,65.06999969482422,65.4000015258789,62.97999954223633,63.45000076293945,284990,0.0,0.0,CL=F,WTI Crude Oil Futures
2025-09-30 00:00:00-04:00,63.13999938964844,63.2400016784668,62.90999984741211,63.209999084472656,13325,0.0,0.0,CL=F,WTI Crude Oil Futures
