Date,Open,High,Low,Close,Volume,Dividends,Stock Splits,Capital Gains,Ticker,Name
2024-01-03 00:00:00-05:00,42.124482261140614,42.89107156168862,41.963595154373444,42.72071838378906,596100,0.0,0.0,0.0,IYE,iShares U.S. Energy ETF
2024-01-04 00:00:00-05:00,43.014102514665154,43.16552715104332,41.9825210511364,42.02037811279297,435900,0.0,0.0,0.0,IYE,iShares U.S. Energy ETF
2024-01-05 00:00:00-05:00,42.342153886153994,42.37054487591107,41.85002293895966,42.06769561767578,337300,0.0,0.0,0.0,IYE,iShares U.S. Energy ETF
2024-01-08 00:00:00-05:00,41.3389697061587,41.61342801609426,40.80898161906747,41.60396194458008,680700,0.0,0.0,0.0,IYE,iShares U.S. Energy ETF
2024-01-09 00:00:00-05:00,41.641814297826954,41.641814297826954,40.8373716020818,40.96986770629883,689100,0.0,0.0,0.0,IYE,iShares U.S. Energy ETF
2024-01-10 00:00:00-05:00,41.01718587911625,41.01718587911625,40.3830927594649,40.543983459472656,656000,0.0,0.0,0.0,IYE,iShares U.S. Energy ETF
2024-01-11 00:00:00-05:00,40.75219367500992,40.84683271482927,40.477735405186664,40.58184051513672,611300,0.0,0.0,0.0,IYE,iShares U.S. Energy ETF
2024-01-12 00:00:00-05:00,41.23486352139046,41.3862881694899,40.83737517397257,41.083438873291016,769100,0.0,0.0,0.0,IYE,iShares U.S. Energy ETF
2024-01-16 00:00:00-05:00,40.9320138781461,41.01719046762038,40.05185699032795,40.07078552246094,486800,0.0,0.0,0.0,IYE,iShares U.S. Energy ETF
2024-01-17 00:00:00-05:00,39.654363523482665,40.11809986496337,39.56918694501202,39.720611572265625,412200,0.0,0.0,0.0,IYE,iShares U.S. Energy ETF
2024-01-18 00:00:00-05:00,39.739542122351885,39.77739557340388,39.23794508574622,39.65436553955078,647100,0.0,0.0,0.0,IYE,iShares U.S. Energy ETF
2024-01-19 00:00:00-05:00,39.68275250209732,39.78685760498047,39.48400836581916,39.78685760498047,433500,0.0,0.0,0.0,IYE,iShares U.S. Energy ETF
2024-01-22 00:00:00-05:00,39.73008319889732,40.0234700613777,39.474553404527065,39.91936492919922,411500,0.0,0.0,0.0,IYE,iShares U.S. Energy ETF
2024-01-23 00:00:00-05:00,39.862575279246386,40.37363481609209,39.862575279246386,40.07078552246094,303600,0.0,0.0,0.0,IYE,iShares U.S. Energy ETF
2024-01-24 00:00:00-05:00,40.26952497827447,40.65755081593583,40.099171819277,40.619693756103516,624300,0.0,0.0,0.0,IYE,iShares U.S. Energy ETF
2024-01-25 00:00:00-05:00,40.93201175118384,41.45253372192383,40.62916247328973,41.45253372192383,615000,0.0,0.0,0.0,IYE,iShares U.S. Energy ETF
2024-01-26 00:00:00-05:00,41.37682474313234,41.76485062047492,41.12129497850455,41.74592208862305,456400,0.0,0.0,0.0,IYE,iShares U.S. Energy ETF
2024-01-29 00:00:00-05:00,41.698604578805856,41.726995572831235,41.26325554567535,41.717533111572266,556000,0.0,0.0,0.0,IYE,iShares U.S. Energy ETF
2024-01-30 00:00:00-05:00,41.26325110850186,42.10555447991335,41.149683534364165,42.09608840942383,710300,0.0,0.0,0.0,IYE,iShares U.S. Energy ETF
2024-01-31 00:00:00-05:00,42.096089578935796,42.162337633210626,41.28218078613281,41.28218078613281,822900,0.0,0.0,0.0,IYE,iShares U.S. Energy ETF
2024-02-01 00:00:00-05:00,41.57556760179392,41.75538323334666,40.960402971866436,41.301109313964844,801000,0.0,0.0,0.0,IYE,iShares U.S. Energy ETF
2024-02-02 00:00:00-05:00,41.480926749308075,41.59449432164572,40.969867258416656,41.253787994384766,907800,0.0,0.0,0.0,IYE,iShares U.S. Energy ETF
2024-02-05 00:00:00-05:00,41.02664565567311,41.34842342439496,40.68594296842149,41.12128829956055,852700,0.0,0.0,0.0,IYE,iShares U.S. Energy ETF
2024-02-06 00:00:00-05:00,41.23486326821431,41.6418176844045,41.08343862104459,41.291648864746094,750500,0.0,0.0,0.0,IYE,iShares U.S. Energy ETF
2024-02-07 00:00:00-05:00,41.49985144123511,41.61342262319612,41.08343460478877,41.42414093017578,635600,0.0,0.0,0.0,IYE,iShares U.S. Energy ETF
2024-02-08 00:00:00-05:00,41.41467420062783,41.95412828073529,41.37682075082474,41.82162857055664,943500,0.0,0.0,0.0,IYE,iShares U.S. Energy ETF
2024-02-09 00:00:00-05:00,41.868956473519404,42.05823457485511,41.19700621688351,41.23486328125,658300,0.0,0.0,0.0,IYE,iShares U.S. Energy ETF
2024-02-12 00:00:00-05:00,41.39574949455698,41.83109485664758,41.39574949455698,41.72698974609375,416600,0.0,0.0,0.0,IYE,iShares U.S. Energy ETF
2024-02-13 00:00:00-05:00,41.69860124982905,41.83109735836773,41.0077261051287,41.301109313964844,690900,0.0,0.0,0.0,IYE,iShares U.S. Energy ETF
2024-02-14 00:00:00-05:00,41.528248082223485,41.68913518253431,41.036117100290326,41.28218078613281,717800,0.0,0.0,0.0,IYE,iShares U.S. Energy ETF
2024-02-15 00:00:00-05:00,41.27272044489304,42.54090322223394,41.27272044489304,42.417869567871094,842800,0.0,0.0,0.0,IYE,iShares U.S. Energy ETF
2024-02-16 00:00:00-05:00,42.531435339238286,42.73018311404996,42.285371651242805,42.42733383178711,553700,0.0,0.0,0.0,IYE,iShares U.S. Energy ETF
2024-02-20 00:00:00-05:00,42.417866429442604,42.446257420560976,41.95413006001803,42.02037811279297,761400,0.0,0.0,0.0,IYE,iShares U.S. Energy ETF
2024-02-21 00:00:00-05:00,42.16233930868387,42.85321448089594,42.15287684780352,42.79643249511719,515100,0.0,0.0,0.0,IYE,iShares U.S. Energy ETF
2024-02-22 00:00:00-05:00,42.55035939926149,43.00463327491845,42.34215279599028,42.78696060180664,585000,0.0,0.0,0.0,IYE,iShares U.S. Energy ETF
2024-02-23 00:00:00-05:00,42.41786172863561,42.65446292239652,42.14340347741351,42.531429290771484,555000,0.0,0.0,0.0,IYE,iShares U.S. Energy ETF
2024-02-26 00:00:00-05:00,42.51250455693091,42.93838746576663,42.28536941238387,42.66393280029297,438700,0.0,0.0,0.0,IYE,iShares U.S. Energy ETF
2024-02-27 00:00:00-05:00,42.7775024172583,42.891069994960155,42.30429996487767,42.50304412841797,627500,0.0,0.0,0.0,IYE,iShares U.S. Energy ETF
2024-02-28 00:00:00-05:00,42.559829941496076,42.90053628660384,42.266443119820345,42.42733383178711,433800,0.0,0.0,0.0,IYE,iShares U.S. Energy ETF
2024-02-29 00:00:00-05:00,42.5976849517475,42.80589519475985,42.4651888371936,42.6450080871582,435400,0.0,0.0,0.0,IYE,iShares U.S. Energy ETF
2024-03-01 00:00:00-05:00,42.93839037674463,43.38320184615629,42.93839037674463,43.174991607666016,411500,0.0,0.0,0.0,IYE,iShares U.S. Energy ETF
2024-03-04 00:00:00-05:00,43.18446042139369,43.298028008579394,42.682863325013834,42.730186462402344,485300,0.0,0.0,0.0,IYE,iShares U.S. Energy ETF
2024-03-05 00:00:00-05:00,42.654464284225746,43.30748230016559,42.58821623667741,43.01409912109375,494400,0.0,0.0,0.0,IYE,iShares U.S. Energy ETF
2024-03-06 00:00:00-05:00,43.392658660853165,43.58194034301157,43.06141842476181,43.1465950012207,716400,0.0,0.0,0.0,IYE,iShares U.S. Energy ETF
2024-03-07 00:00:00-05:00,43.21284261450447,43.74283059717641,43.19391408545392,43.5251579284668,365900,0.0,0.0,0.0,IYE,iShares U.S. Energy ETF
2024-03-08 00:00:00-05:00,43.51569344293325,43.714437589827256,43.421054404483115,43.6860466003418,300800,0.0,0.0,0.0,IYE,iShares U.S. Energy ETF
2024-03-11 00:00:00-04:00,43.59141266891117,44.12139712271968,43.39266488848465,44.111934661865234,355000,0.0,0.0,0.0,IYE,iShares U.S. Energy ETF
2024-03-12 00:00:00-04:00,44.07407400628378,44.1876415785239,43.799615730642806,43.99836349487305,362900,0.0,0.0,0.0,IYE,iShares U.S. Energy ETF
2024-03-13 00:00:00-04:00,44.37692216685684,44.89744410442494,44.37692216685684,44.66084289550781,354400,0.0,0.0,0.0,IYE,iShares U.S. Energy ETF
2024-03-14 00:00:00-04:00,44.82173693871503,45.0583381652832,44.65138376676609,45.0583381652832,512400,0.0,0.0,0.0,IYE,iShares U.S. Energy ETF
2024-03-15 00:00:00-04:00,44.916375760930826,45.484220868007554,44.916375760930826,45.171905517578125,508300,0.0,0.0,0.0,IYE,iShares U.S. Energy ETF
2024-03-18 00:00:00-04:00,45.342262268066406,45.4936869198576,45.001555898974104,45.342262268066406,234100,0.0,0.0,0.0,IYE,iShares U.S. Energy ETF
2024-03-19 00:00:00-04:00,45.304398713955536,45.86277771438481,45.304398713955536,45.824920654296875,310600,0.0,0.0,0.0,IYE,iShares U.S. Energy ETF
2024-03-20 00:00:00-04:00,45.59778751236457,45.995275829962054,45.51261092855824,45.834388732910156,356400,0.0,0.0,0.0,IYE,iShares U.S. Energy ETF
2024-03-21 00:00:00-04:00,45.906753938196054,46.1733793360108,45.79248798624638,46.068634033203125,293900,0.296,0.0,0.0,IYE,iShares U.S. Energy ETF
2024-03-22 00:00:00-04:00,46.06863920494742,46.1924258199356,45.87819350868545,45.96389389038086,234000,0.0,0.0,0.0,IYE,iShares U.S. Energy ETF
2024-03-25 00:00:00-04:00,46.11624793548436,46.70662630183505,46.11624793548436,46.382869720458984,309600,0.0,0.0,0.0,IYE,iShares U.S. Energy ETF
2024-03-26 00:00:00-04:00,46.43047993599931,46.544749528067385,45.96389181529409,46.021026611328125,349900,0.0,0.0,0.0,IYE,iShares U.S. Energy ETF
2024-03-27 00:00:00-04:00,45.94484185857038,46.56378936767578,45.84962084137676,46.56378936767578,376300,0.0,0.0,0.0,IYE,iShares U.S. Energy ETF
2024-03-28 00:00:00-04:00,46.74471455884542,47.08751606056852,46.582834457498734,47.0399055480957,293300,0.0,0.0,0.0,IYE,iShares U.S. Energy ETF
2024-04-01 00:00:00-04:00,47.12561126150247,47.45888851901216,46.716154269447884,47.33509826660156,461100,0.0,0.0,0.0,IYE,iShares U.S. Energy ETF
2024-04-02 00:00:00-04:00,47.53505929915472,47.95404052734375,47.29700310402886,47.95404052734375,613800,0.0,0.0,0.0,IYE,iShares U.S. Energy ETF
2024-04-03 00:00:00-04:00,48.049262981145226,48.33492969730061,47.963562603053674,48.28731918334961,645400,0.0,0.0,0.0,IYE,iShares U.S. Energy ETF
2024-04-04 00:00:00-04:00,48.344455945979334,48.55394657482406,48.07783415104934,48.26827621459961,488700,0.0,0.0,0.0,IYE,iShares U.S. Energy ETF
2024-04-05 00:00:00-04:00,48.3444578371226,48.925315598041735,48.134967200083,48.725345611572266,676700,0.0,0.0,0.0,IYE,iShares U.S. Energy ETF
2024-04-08 00:00:00-04:00,48.763428978109964,48.90626414476831,48.382541254436354,48.458717346191406,395100,0.0,0.0,0.0,IYE,iShares U.S. Energy ETF
2024-04-09 00:00:00-04:00,48.62060104513604,48.80152245484782,48.16353356340408,48.5349006652832,481800,0.0,0.0,0.0,IYE,iShares U.S. Energy ETF
2024-04-10 00:00:00-04:00,48.34444871618269,48.81103678753306,48.1730479786604,48.66820526123047,652600,0.0,0.0,0.0,IYE,iShares U.S. Energy ETF
2024-04-11 00:00:00-04:00,48.791998698449795,48.84912985974807,47.94451560388345,48.5825080871582,548500,0.0,0.0,0.0,IYE,iShares U.S. Energy ETF
2024-04-12 00:00:00-04:00,48.934834277653266,49.23002528773326,47.62076297247231,47.83025360107422,607000,0.0,0.0,0.0,IYE,iShares U.S. Energy ETF
2024-04-15 00:00:00-04:00,48.05878450185495,48.25875082842833,47.27796049408817,47.3446159362793,610100,0.0,0.0,0.0,IYE,iShares U.S. Energy ETF
2024-04-16 00:00:00-04:00,47.25891330428165,47.420789761166006,46.59235528178063,46.92563247680664,631900,0.0,0.0,0.0,IYE,iShares U.S. Energy ETF
2024-04-17 00:00:00-04:00,46.906591876277545,47.30652817967237,46.49713855564496,46.811370849609375,791000,0.0,0.0,0.0,IYE,iShares U.S. Energy ETF
2024-04-18 00:00:00-04:00,46.935159636979826,47.097036103793386,46.52570269657597,46.716148376464844,568600,0.0,0.0,0.0,IYE,iShares U.S. Energy ETF
2024-04-19 00:00:00-04:00,46.754236423161856,47.5350604718416,46.70662590945199,47.211307525634766,786900,0.0,0.0,0.0,IYE,iShares U.S. Energy ETF
2024-04-22 00:00:00-04:00,47.03038318591028,47.84929711068809,46.61140557361788,47.49697494506836,573400,0.0,0.0,0.0,IYE,iShares U.S. Energy ETF
2024-04-23 00:00:00-04:00,47.344619813531814,47.79216301454501,47.08751867297557,47.78264236450195,419100,0.0,0.0,0.0,IYE,iShares U.S. Energy ETF
2024-04-24 00:00:00-04:00,47.52553826020718,47.84929482822347,47.27796141758259,47.79216003417969,429600,0.0,0.0,0.0,IYE,iShares U.S. Energy ETF
2024-04-25 00:00:00-04:00,47.72550938070499,48.17305623117669,47.344621612865964,48.03974533081055,468000,0.0,0.0,0.0,IYE,iShares U.S. Energy ETF
2024-04-26 00:00:00-04:00,47.63980400512012,47.80168410463684,47.154170971468396,47.63028335571289,422000,0.0,0.0,0.0,IYE,iShares U.S. Energy ETF
2024-04-29 00:00:00-04:00,47.554104230658695,48.06830648391836,47.53505929915472,47.95404052734375,426000,0.0,0.0,0.0,IYE,iShares U.S. Energy ETF
2024-04-30 00:00:00-04:00,47.78263679208992,47.83977158303362,46.51617616953895,46.535221099853516,657200,0.0,0.0,0.0,IYE,iShares U.S. Energy ETF
2024-05-01 00:00:00-04:00,46.468573389266474,46.62092922467589,45.56395902732637,45.82106018066406,2681200,0.0,0.0,0.0,IYE,iShares U.S. Energy ETF
2024-05-02 00:00:00-04:00,46.087678672539504,46.373345366832076,45.83057755794145,46.106719970703125,848700,0.0,0.0,0.0,IYE,iShares U.S. Energy ETF
2024-05-03 00:00:00-04:00,46.16386145175365,46.230516902332084,45.55443811363671,46.13529586791992,869700,0.0,0.0,0.0,IYE,iShares U.S. Energy ETF
2024-05-06 00:00:00-04:00,46.354306479462046,46.973254091496166,46.354306479462046,46.52570724487305,720000,0.0,0.0,0.0,IYE,iShares U.S. Energy ETF
2024-05-07 00:00:00-04:00,46.54474661781343,46.811368384402776,46.46856689453125,46.46856689453125,529500,0.0,0.0,0.0,IYE,iShares U.S. Energy ETF
2024-05-08 00:00:00-04:00,46.211466176699,46.61140246249024,46.135290085207295,46.392391204833984,349300,0.0,0.0,0.0,IYE,iShares U.S. Energy ETF
2024-05-09 00:00:00-04:00,46.449521740129605,47.02085876464844,46.449521740129605,47.02085876464844,366100,0.0,0.0,0.0,IYE,iShares U.S. Energy ETF
2024-05-10 00:00:00-04:00,47.1636972657557,47.26844258401802,46.601884439807556,46.735198974609375,307900,0.0,0.0,0.0,IYE,iShares U.S. Energy ETF
2024-05-13 00:00:00-04:00,46.84946528977488,47.001821126796514,46.43048401362811,46.62092971801758,441500,0.0,0.0,0.0,IYE,iShares U.S. Energy ETF
2024-05-14 00:00:00-04:00,46.60187962183257,46.75423544197641,46.373347707841454,46.725669860839844,368200,0.0,0.0,0.0,IYE,iShares U.S. Energy ETF
2024-05-15 00:00:00-04:00,46.66853650912962,46.92563764465628,45.98293711350794,46.820892333984375,595700,0.0,0.0,0.0,IYE,iShares U.S. Energy ETF
2024-05-16 00:00:00-04:00,46.782809492242336,47.06847623048977,46.611408722803944,46.735198974609375,395000,0.0,0.0,0.0,IYE,iShares U.S. Energy ETF
2024-05-17 00:00:00-04:00,46.84946128612398,47.4398396500742,46.80185077220772,47.37318420410156,460500,0.0,0.0,0.0,IYE,iShares U.S. Energy ETF
2024-05-20 00:00:00-04:00,47.325573821906204,47.47792964633191,46.96372737672665,47.09703826904297,375600,0.0,0.0,0.0,IYE,iShares U.S. Energy ETF
2024-05-21 00:00:00-04:00,46.935163668237635,47.344620643809726,46.85898393675933,46.878028869628906,323600,0.0,0.0,0.0,IYE,iShares U.S. Energy ETF
2024-05-22 00:00:00-04:00,46.716148617631625,46.716148617631625,45.973410825475625,46.163856506347656,384400,0.0,0.0,0.0,IYE,iShares U.S. Energy ETF
2024-05-23 00:00:00-04:00,46.306693572036544,46.49713926071006,45.64013547790395,45.706790924072266,453800,0.0,0.0,0.0,IYE,iShares U.S. Energy ETF
2024-05-24 00:00:00-04:00,45.954367144967264,46.20194762657452,45.73535587736043,45.85914611816406,299700,0.0,0.0,0.0,IYE,iShares U.S. Energy ETF
2024-05-28 00:00:00-04:00,46.04959361067119,46.440005647798486,45.9162827149374,46.354305267333984,253400,0.0,0.0,0.0,IYE,iShares U.S. Energy ETF
2024-05-29 00:00:00-04:00,46.21146568120707,46.21146568120707,45.3639862399222,45.5544319152832,368500,0.0,0.0,0.0,IYE,iShares U.S. Energy ETF
2024-05-30 00:00:00-04:00,45.44017304647374,45.82106082412118,45.44017304647374,45.668704986572266,317500,0.0,0.0,0.0,IYE,iShares U.S. Energy ETF
2024-05-31 00:00:00-04:00,45.773444859802474,46.801849365234375,45.74487927880134,46.801849365234375,435100,0.0,0.0,0.0,IYE,iShares U.S. Energy ETF
2024-06-03 00:00:00-04:00,46.58283854319761,46.58283854319761,45.28781578108625,45.573482513427734,2094000,0.0,0.0,0.0,IYE,iShares U.S. Energy ETF
2024-06-04 00:00:00-04:00,45.15449934870138,45.16402363110003,44.61173149036022,45.11641311645508,588400,0.0,0.0,0.0,IYE,iShares U.S. Energy ETF
2024-06-05 00:00:00-04:00,45.24019663005568,45.27828649214307,44.916440067211234,45.16402053833008,423000,0.0,0.0,0.0,IYE,iShares U.S. Energy ETF
2024-06-06 00:00:00-04:00,45.01166370718378,45.41159635273327,44.906918405030595,45.39255142211914,315200,0.0,0.0,0.0,IYE,iShares U.S. Energy ETF
2024-06-07 00:00:00-04:00,45.33541931636366,45.697265725580564,44.98309718847956,45.18306350708008,311700,0.0,0.0,0.0,IYE,iShares U.S. Energy ETF
2024-06-10 00:00:00-04:00,45.335417589181894,45.83057485860138,45.20210671519374,45.6020393371582,245300,0.0,0.0,0.0,IYE,iShares U.S. Energy ETF
2024-06-11 00:00:00-04:00,45.3442762158198,45.58383811622266,44.99930649437175,45.555091857910156,338800,0.301,0.0,0.0,IYE,iShares U.S. Energy ETF
2024-06-12 00:00:00-04:00,45.96713312716527,45.97671399364994,44.95138947485915,45.14303970336914,457300,0.0,0.0,0.0,IYE,iShares U.S. Energy ETF
2024-06-13 00:00:00-04:00,45.08555378863229,45.1526308355475,44.47227584230752,44.71183776855469,324600,0.0,0.0,0.0,IYE,iShares U.S. Energy ETF
2024-06-14 00:00:00-04:00,44.6830864664654,44.6830864664654,44.14646649625459,44.28062057495117,272700,0.0,0.0,0.0,IYE,iShares U.S. Energy ETF
2024-06-17 00:00:00-04:00,44.27104246331199,44.52018524562597,44.06022680913691,44.33811950683594,300100,0.0,0.0,0.0,IYE,iShares U.S. Energy ETF
2024-06-18 00:00:00-04:00,44.5585158046537,45.03763963051019,44.45310797809732,44.54893493652344,261800,0.0,0.0,0.0,IYE,iShares U.S. Energy ETF
2024-06-20 00:00:00-04:00,44.61601174699266,45.497597827366405,44.49143852940083,45.24845504760742,248400,0.0,0.0,0.0,IYE,iShares U.S. Energy ETF
2024-06-21 00:00:00-04:00,45.459266312559166,45.48801622718668,44.96097710563616,44.98972702026367,282000,0.0,0.0,0.0,IYE,iShares U.S. Energy ETF
2024-06-24 00:00:00-04:00,45.18137790472354,46.27377963469146,45.18137790472354,46.139625549316406,259400,0.0,0.0,0.0,IYE,iShares U.S. Energy ETF
2024-06-25 00:00:00-04:00,46.08213102375974,46.197119721706905,45.82340371181002,46.149208068847656,178300,0.0,0.0,0.0,IYE,iShares U.S. Energy ETF
2024-06-26 00:00:00-04:00,46.19711324560278,46.19711324560278,45.53592375581389,45.79465103149414,227500,0.0,0.0,0.0,IYE,iShares U.S. Energy ETF
2024-06-27 00:00:00-04:00,46.01504908420249,46.02462995158533,45.64133311405654,45.90964126586914,170100,0.0,0.0,0.0,IYE,iShares U.S. Energy ETF
2024-06-28 00:00:00-04:00,46.2641959318571,46.3887691513828,45.84256827671015,45.995887756347656,209200,0.0,0.0,0.0,IYE,iShares U.S. Energy ETF
2024-07-01 00:00:00-04:00,46.273777325061445,46.46542757549925,45.737157354920484,45.95755386352539,293700,0.0,0.0,0.0,IYE,iShares U.S. Energy ETF
2024-07-02 00:00:00-04:00,46.37918347811987,46.3983452125927,45.68924406351871,45.94797134399414,177300,0.0,0.0,0.0,IYE,iShares U.S. Energy ETF
2024-07-03 00:00:00-04:00,45.957559093754135,46.40793668522481,45.94797822508291,46.177955627441406,163000,0.0,0.0,0.0,IYE,iShares U.S. Energy ETF
2024-07-05 00:00:00-04:00,46.12046206784359,46.149208328636,45.26762221370369,45.44968795776367,162500,0.0,0.0,0.0,IYE,iShares U.S. Energy ETF
2024-07-08 00:00:00-04:00,45.17179312948989,45.63175155768008,45.08555069574019,45.26762008666992,237800,0.0,0.0,0.0,IYE,iShares U.S. Energy ETF
2024-07-09 00:00:00-04:00,44.95139469293689,45.34427606204826,44.74057905156144,44.87473678588867,236800,0.0,0.0,0.0,IYE,iShares U.S. Energy ETF
2024-07-10 00:00:00-04:00,44.82682315435885,45.229289061509704,44.73099985311678,45.18137741088867,180200,0.0,0.0,0.0,IYE,iShares U.S. Energy ETF
2024-07-11 00:00:00-04:00,45.17179183996847,45.81381964076039,45.037637759170785,45.727577209472656,303400,0.0,0.0,0.0,IYE,iShares U.S. Energy ETF
2024-07-12 00:00:00-04:00,46.00546708189649,46.04379786437672,45.545508658407556,45.880897521972656,246800,0.0,0.0,0.0,IYE,iShares U.S. Energy ETF
2024-07-15 00:00:00-04:00,46.158786446639795,46.84872590794502,45.92880906315446,46.47500991821289,417200,0.0,0.0,0.0,IYE,iShares U.S. Energy ETF
2024-07-16 00:00:00-04:00,46.30252897087591,46.71457577786337,46.05338617511427,46.666664123535156,191700,0.0,0.0,0.0,IYE,iShares U.S. Energy ETF
2024-07-17 00:00:00-04:00,46.77207254259729,47.39493136752136,46.77207254259729,47.030799865722656,475100,0.0,0.0,0.0,IYE,iShares U.S. Energy ETF
2024-07-18 00:00:00-04:00,47.04995967725021,47.64407587140536,46.84872854153223,47.12662124633789,237100,0.0,0.0,0.0,IYE,iShares U.S. Energy ETF
2024-07-19 00:00:00-04:00,47.01162908525438,47.31826802816849,46.522920756880644,46.61874771118164,174900,0.0,0.0,0.0,IYE,iShares U.S. Energy ETF
2024-07-22 00:00:00-04:00,46.46542951261799,46.58999907348498,46.09170986374308,46.35043716430664,258800,0.0,0.0,0.0,IYE,iShares U.S. Energy ETF
2024-07-23 00:00:00-04:00,46.1971144112313,46.264191448608535,45.5838365521112,45.63174819946289,187900,0.0,0.0,0.0,IYE,iShares U.S. Energy ETF
2024-07-24 00:00:00-04:00,45.756320703665175,46.06295962851234,45.363439352740734,45.67007827758789,187900,0.0,0.0,0.0,IYE,iShares U.S. Energy ETF
2024-07-25 00:00:00-04:00,45.593422789342576,46.494174221869244,45.45926505411882,46.23544692993164,251000,0.0,0.0,0.0,IYE,iShares U.S. Energy ETF
2024-07-26 00:00:00-04:00,46.34085332890321,46.68582304089792,46.08212604490716,46.503753662109375,167400,0.0,0.0,0.0,IYE,iShares U.S. Energy ETF
2024-07-29 00:00:00-04:00,46.52292566604783,46.52292566604783,45.698832049222396,46.07255172729492,226800,0.0,0.0,0.0,IYE,iShares U.S. Energy ETF
2024-07-30 00:00:00-04:00,46.06296704380995,46.82956447933606,46.06296704380995,46.666664123535156,233400,0.0,0.0,0.0,IYE,iShares U.S. Energy ETF
2024-07-31 00:00:00-04:00,47.27035720329698,47.366180503844944,46.90622208145044,46.963714599609375,278200,0.0,0.0,0.0,IYE,iShares U.S. Energy ETF
2024-08-01 00:00:00-04:00,46.867890191228696,47.088286701619104,45.49759582432025,45.746742248535156,309600,0.0,0.0,0.0,IYE,iShares U.S. Energy ETF
2024-08-02 00:00:00-04:00,45.27720261998961,45.38261044905226,44.069812158510125,44.49143981933594,465500,0.0,0.0,0.0,IYE,iShares U.S. Energy ETF
2024-08-05 00:00:00-04:00,43.38945091329123,43.89732463581748,42.967823277907236,43.54277038574219,578900,0.0,0.0,0.0,IYE,iShares U.S. Energy ETF
2024-08-06 00:00:00-04:00,43.64818238689828,44.271044859533426,43.49486289977,43.8206672668457,380700,0.0,0.0,0.0,IYE,iShares U.S. Energy ETF
2024-08-07 00:00:00-04:00,44.424364465623526,44.79808048803541,43.964406003006985,44.0123176574707,281000,0.0,0.0,0.0,IYE,iShares U.S. Energy ETF
2024-08-08 00:00:00-04:00,44.13688578135371,44.9993064282827,44.13688578135371,44.960975646972656,150100,0.0,0.0,0.0,IYE,iShares U.S. Energy ETF
2024-08-09 00:00:00-04:00,44.922648765954,45.210122316497305,44.59684443389172,45.047218322753906,185000,0.0,0.0,0.0,IYE,iShares U.S. Energy ETF
2024-08-12 00:00:00-04:00,45.315531979374605,45.57425928200441,45.114300851359644,45.35386276245117,267000,0.0,0.0,0.0,IYE,iShares U.S. Energy ETF
2024-08-13 00:00:00-04:00,45.02805921528163,45.047220951734886,44.72141660065848,44.91306686401367,184800,0.0,0.0,0.0,IYE,iShares U.S. Energy ETF
2024-08-14 00:00:00-04:00,45.028063382216416,45.363448632556285,44.85557849477732,45.19096374511719,123400,0.0,0.0,0.0,IYE,iShares U.S. Energy ETF
2024-08-15 00:00:00-04:00,45.44968331886698,45.890476331342875,45.4209370610086,45.78506851196289,116100,0.0,0.0,0.0,IYE,iShares U.S. Energy ETF
2024-08-16 00:00:00-04:00,45.42093482500763,45.775485391029974,45.42093482500763,45.70840835571289,87100,0.0,0.0,0.0,IYE,iShares U.S. Energy ETF
2024-08-19 00:00:00-04:00,45.72757743051083,46.379186102184676,45.72757743051083,46.00546646118164,315500,0.0,0.0,0.0,IYE,iShares U.S. Energy ETF
2024-08-20 00:00:00-04:00,45.88089525842278,45.938387773882106,44.76932820930792,44.807655334472656,553500,0.0,0.0,0.0,IYE,iShares U.S. Energy ETF
2024-08-21 00:00:00-04:00,45.066387922203056,45.28678445338295,44.75974895226366,44.83641052246094,183400,0.0,0.0,0.0,IYE,iShares U.S. Energy ETF
2024-08-22 00:00:00-04:00,44.874739031254784,45.1334626789845,44.77891207336908,44.95139694213867,128100,0.0,0.0,0.0,IYE,iShares U.S. Energy ETF
2024-08-23 00:00:00-04:00,45.16220824370184,45.7179899242032,45.1334583313932,45.67007827758789,126900,0.0,0.0,0.0,IYE,iShares U.S. Energy ETF
2024-08-26 00:00:00-04:00,46.18753755345408,46.54208816114422,45.84256781389623,46.120460510253906,156400,0.0,0.0,0.0,IYE,iShares U.S. Energy ETF
2024-08-27 00:00:00-04:00,46.07254930933806,46.17795348152298,45.58384095504325,45.698829650878906,113700,0.0,0.0,0.0,IYE,iShares U.S. Energy ETF
2024-08-28 00:00:00-04:00,45.449685552104896,45.59342415930849,45.200539120341936,45.373023986816406,162400,0.0,0.0,0.0,IYE,iShares U.S. Energy ETF
2024-08-29 00:00:00-04:00,45.62216772386644,46.09170698953848,45.248451753720495,45.90964126586914,138300,0.0,0.0,0.0,IYE,iShares U.S. Energy ETF
2024-08-30 00:00:00-04:00,45.49760160648408,46.072552435524265,45.382612902846034,46.03422164916992,142300,0.0,0.0,0.0,IYE,iShares U.S. Energy ETF
2024-09-03 00:00:00-04:00,45.32511523848159,45.32511523848159,44.596848598731725,44.83641052246094,317300,0.0,0.0,0.0,IYE,iShares U.S. Energy ETF
2024-09-04 00:00:00-04:00,44.82682503266917,45.13346399600196,44.136889192882784,44.19438171386719,178800,0.0,0.0,0.0,IYE,iShares U.S. Energy ETF
2024-09-05 00:00:00-04:00,44.56809990837166,44.56809990837166,43.84941411741124,43.88774490356445,331200,0.0,0.0,0.0,IYE,iShares U.S. Energy ETF
2024-09-06 00:00:00-04:00,43.98356709093925,44.261456121800094,43.17863894628727,43.35112380981445,323200,0.0,0.0,0.0,IYE,iShares U.S. Energy ETF
2024-09-09 00:00:00-04:00,43.47569896082772,43.95482283105416,43.37987564895245,43.55236053466797,201600,0.0,0.0,0.0,IYE,iShares U.S. Energy ETF
2024-09-10 00:00:00-04:00,43.60027065495222,43.64818230920235,42.498284330074675,42.84325408935547,427800,0.0,0.0,0.0,IYE,iShares U.S. Energy ETF
2024-09-11 00:00:00-04:00,42.85283022365216,42.89115734629357,41.884998182328935,42.58451843261719,412900,0.0,0.0,0.0,IYE,iShares U.S. Energy ETF
2024-09-12 00:00:00-04:00,42.747428668935264,43.111563803011144,42.46953597041882,42.95824432373047,304900,0.0,0.0,0.0,IYE,iShares U.S. Energy ETF
2024-09-13 00:00:00-04:00,43.140305516252546,43.494856089328856,43.08280934679787,43.18821716308594,211900,0.0,0.0,0.0,IYE,iShares U.S. Energy ETF
2024-09-16 00:00:00-04:00,43.50444554676004,43.926073204314164,43.37028780281464,43.7248420715332,308600,0.0,0.0,0.0,IYE,iShares U.S. Energy ETF
2024-09-17 00:00:00-04:00,43.7248450041345,44.36686922952201,43.64818343102405,44.3572883605957,152400,0.0,0.0,0.0,IYE,iShares U.S. Energy ETF
2024-09-18 00:00:00-04:00,44.25187860367184,44.97056437096133,44.24229407973674,44.45310974121094,293500,0.0,0.0,0.0,IYE,iShares U.S. Energy ETF
2024-09-19 00:00:00-04:00,45.095135197763746,45.45926666860106,44.731000071501796,44.97056198120117,213200,0.0,0.0,0.0,IYE,iShares U.S. Energy ETF
2024-09-20 00:00:00-04:00,44.82682148163099,44.99930634177008,44.40519385430459,44.87473678588867,184500,0.0,0.0,0.0,IYE,iShares U.S. Energy ETF
2024-09-23 00:00:00-04:00,45.00889275811107,45.65091692141678,44.80765797586743,45.459266662597656,288400,0.0,0.0,0.0,IYE,iShares U.S. Energy ETF
2024-09-24 00:00:00-04:00,45.93839146959884,45.93839146959884,45.26762103244746,45.31553268432617,225700,0.0,0.0,0.0,IYE,iShares U.S. Energy ETF
2024-09-25 00:00:00-04:00,45.1485247310526,45.33193626863818,44.327991291186095,44.41487121582031,299400,0.347,0.0,0.0,IYE,iShares U.S. Energy ETF
2024-09-26 00:00:00-04:00,43.536425665583685,44.09631940079311,43.449545730204484,43.55573272705078,584100,0.0,0.0,0.0,IYE,iShares U.S. Energy ETF
2024-09-27 00:00:00-04:00,43.81636914684746,44.521060264929986,43.81636914684746,44.453487396240234,272400,0.0,0.0,0.0,IYE,iShares U.S. Energy ETF
2024-09-30 00:00:00-04:00,44.327991888537106,44.82031269558038,44.14458034847993,44.73343276977539,239000,0.0,0.0,0.0,IYE,iShares U.S. Energy ETF
2024-10-01 00:00:00-04:00,44.39557175980399,45.83391280500354,44.27007770592873,45.6505012512207,532800,0.0,0.0,0.0,IYE,iShares U.S. Energy ETF
2024-10-02 00:00:00-04:00,46.22969350470038,46.345532174832485,45.6022306659103,46.084896087646484,306200,0.0,0.0,0.0,IYE,iShares U.S. Energy ETF
2024-10-03 00:00:00-04:00,46.26830867780327,46.93438564931508,45.91113728865447,46.8861198425293,398200,0.0,0.0,0.0,IYE,iShares U.S. Energy ETF
2024-10-04 00:00:00-04:00,47.20468655743437,47.44601930326492,46.876473875807,47.3398323059082,321600,0.0,0.0,0.0,IYE,iShares U.S. Energy ETF
2024-10-07 00:00:00-04:00,47.47497801648412,47.80319069784949,47.34948395766768,47.503936767578125,315600,0.0,0.0,0.0,IYE,iShares U.S. Energy ETF
2024-10-08 00:00:00-04:00,46.91508295066452,46.91508295066452,46.06559436143247,46.297271728515625,290100,0.0,0.0,0.0,IYE,iShares U.S. Energy ETF
2024-10-09 00:00:00-04:00,45.98836601475679,46.66409841839035,45.86287195977383,46.54825973510742,253500,0.0,0.0,0.0,IYE,iShares U.S. Energy ETF
2024-10-10 00:00:00-04:00,46.80889892578125,47.03092460020595,46.43241676572689,46.80889892578125,162500,0.0,0.0,0.0,IYE,iShares U.S. Energy ETF
2024-10-11 00:00:00-04:00,46.83785898963348,47.28191035094058,46.71236493276134,47.108150482177734,161300,0.0,0.0,0.0,IYE,iShares U.S. Energy ETF
2024-10-14 00:00:00-04:00,46.79924264945321,47.117803621237826,46.712362719188796,46.9923095703125,132700,0.0,0.0,0.0,IYE,iShares U.S. Energy ETF
2024-10-15 00:00:00-04:00,45.81460683063378,46.065594944336056,45.49604952625214,45.544315338134766,253400,0.0,0.0,0.0,IYE,iShares U.S. Energy ETF
2024-10-16 00:00:00-04:00,45.689114666515074,45.88217790648298,45.64084517407784,45.747032165527344,151900,0.0,0.0,0.0,IYE,iShares U.S. Energy ETF
2024-10-17 00:00:00-04:00,45.7373812527568,46.08490098250951,45.71807419194328,45.97871398925781,267500,0.0,0.0,0.0,IYE,iShares U.S. Energy ETF
2024-10-18 00:00:00-04:00,45.94009732677034,45.978711446261705,45.45743188046363,45.78564453125,159600,0.0,0.0,0.0,IYE,iShares U.S. Energy ETF
2024-10-21 00:00:00-04:00,46.04628382769627,46.18142956204319,45.52500426740522,45.63119125366211,177000,0.0,0.0,0.0,IYE,iShares U.S. Energy ETF
2024-10-22 00:00:00-04:00,45.795298481096985,45.93044790598992,45.58292817829868,45.73738098144531,288100,0.0,0.0,0.0,IYE,iShares U.S. Energy ETF
2024-10-23 00:00:00-04:00,45.55397244499362,45.708425270853404,45.167842221567085,45.42848205566406,217000,0.0,0.0,0.0,IYE,iShares U.S. Energy ETF
2024-10-24 00:00:00-04:00,45.553966725783575,45.67946078180344,45.17748824016935,45.46708679199219,125100,0.0,0.0,0.0,IYE,iShares U.S. Energy ETF
2024-10-25 00:00:00-04:00,45.74703239632448,45.843567699240715,45.38986098164759,45.49604797363281,147900,0.0,0.0,0.0,IYE,iShares U.S. Energy ETF
2024-10-28 00:00:00-04:00,44.55967724854421,45.25471672252913,44.530718497943305,45.216102600097656,169100,0.0,0.0,0.0,IYE,iShares U.S. Energy ETF
2024-10-29 00:00:00-04:00,45.16783399466495,45.16783399466495,44.5114086837112,44.61759567260742,143000,0.0,0.0,0.0,IYE,iShares U.S. Energy ETF
2024-10-30 00:00:00-04:00,44.704475775323665,45.05199180972835,44.55002297699541,44.694820404052734,143100,0.0,0.0,0.0,IYE,iShares U.S. Energy ETF
2024-10-31 00:00:00-04:00,45.00372503042159,45.30297893180039,44.89753804340185,44.96511459350586,420300,0.0,0.0,0.0,IYE,iShares U.S. Energy ETF
2024-11-01 00:00:00-04:00,45.57327826689933,45.737386461280046,44.64656133698881,44.714134216308594,124500,0.0,0.0,0.0,IYE,iShares U.S. Energy ETF
2024-11-04 00:00:00-05:00,45.04233938875347,45.621536452458464,44.98441820940492,45.5346565246582,117700,0.0,0.0,0.0,IYE,iShares U.S. Energy ETF
2024-11-05 00:00:00-05:00,45.70841939319973,45.95940750447592,45.55396658720107,45.882179260253906,110900,0.0,0.0,0.0,IYE,iShares U.S. Energy ETF
2024-11-06 00:00:00-05:00,46.95369549893316,47.82249480248921,46.70271107926432,47.48462677001953,419500,0.0,0.0,0.0,IYE,iShares U.S. Energy ETF
2024-11-07 00:00:00-05:00,47.465320415819406,47.465320415819406,46.96335156901384,47.38809585571289,212900,0.0,0.0,0.0,IYE,iShares U.S. Energy ETF
2024-11-08 00:00:00-05:00,47.38809854578171,47.68735247898969,47.166072859509526,47.658390045166016,127700,0.0,0.0,0.0,IYE,iShares U.S. Energy ETF
2024-11-11 00:00:00-05:00,47.629428431716555,48.06382808851344,47.48462731863583,47.96729278564453,210900,0.0,0.0,0.0,IYE,iShares U.S. Energy ETF
2024-11-12 00:00:00-05:00,48.034865206913054,48.19897337903181,47.63907967496755,47.64873504638672,166100,0.0,0.0,0.0,IYE,iShares U.S. Energy ETF
2024-11-13 00:00:00-05:00,47.76457504764275,48.14105352960993,47.2432954499442,47.9479866027832,203500,0.0,0.0,0.0,IYE,iShares U.S. Energy ETF
2024-11-14 00:00:00-05:00,48.26654315622744,48.27619484458289,47.82249184297695,48.208621978759766,229500,0.0,0.0,0.0,IYE,iShares U.S. Energy ETF
2024-11-15 00:00:00-05:00,48.12174626559091,48.5658013001519,47.899720589533075,48.03486633300781,124000,0.0,0.0,0.0,IYE,iShares U.S. Energy ETF
2024-11-18 00:00:00-05:00,48.36307447941495,48.787822413406346,48.26654286665962,48.710594177246094,111300,0.0,0.0,0.0,IYE,iShares U.S. Energy ETF
2024-11-19 00:00:00-05:00,48.35342337265597,48.63337020843627,48.2086222693365,48.449954986572266,152000,0.0,0.0,0.0,IYE,iShares U.S. Energy ETF
2024-11-20 00:00:00-05:00,48.585103739272625,48.96158218383789,48.46926138521795,48.96158218383789,158900,0.0,0.0,0.0,IYE,iShares U.S. Energy ETF
2024-11-21 00:00:00-05:00,49.21257651653019,49.68559035158911,49.058123695735674,49.405643463134766,147000,0.0,0.0,0.0,IYE,iShares U.S. Energy ETF
2024-11-22 00:00:00-05:00,49.357372554006396,49.811075596897865,49.31875843218086,49.59870529174805,252000,0.0,0.0,0.0,IYE,iShares U.S. Energy ETF
2024-11-25 00:00:00-05:00,49.69523229213283,49.82072633517204,48.52718283388055,48.623714447021484,232700,0.0,0.0,0.0,IYE,iShares U.S. Energy ETF
2024-11-26 00:00:00-05:00,48.67198809935175,48.77817510039076,48.35343077868031,48.536842346191406,160600,0.0,0.0,0.0,IYE,iShares U.S. Energy ETF
2024-11-27 00:00:00-05:00,48.575453158471795,48.90366582910115,48.47892153635242,48.52718734741211,161600,0.0,0.0,0.0,IYE,iShares U.S. Energy ETF
2024-11-29 00:00:00-05:00,48.64302131182837,48.797474101703884,48.57544844641065,48.710594177246094,64400,0.0,0.0,0.0,IYE,iShares U.S. Energy ETF
2024-12-02 00:00:00-05:00,48.72025311610991,48.74921186556836,47.87076086835791,48.30516052246094,197000,0.0,0.0,0.0,IYE,iShares U.S. Energy ETF
2024-12-03 00:00:00-05:00,48.49822920816659,48.64302664316958,48.092788288778394,48.26654815673828,174400,0.0,0.0,0.0,IYE,iShares U.S. Energy ETF
2024-12-04 00:00:00-05:00,48.27620037730486,48.27620037730486,46.90543216214392,47.18537902832031,162400,0.0,0.0,0.0,IYE,iShares U.S. Energy ETF
2024-12-05 00:00:00-05:00,47.40740223875597,47.65838665857143,47.21433531758126,47.32052230834961,94000,0.0,0.0,0.0,IYE,iShares U.S. Energy ETF
2024-12-06 00:00:00-05:00,47.262600864971176,47.262600864971176,46.47102980674854,46.4999885559082,263500,0.0,0.0,0.0,IYE,iShares U.S. Energy ETF
2024-12-09 00:00:00-05:00,46.915082164355816,47.10814908865283,46.403457945047215,46.48068618774414,180700,0.0,0.0,0.0,IYE,iShares U.S. Energy ETF
2024-12-10 00:00:00-05:00,46.75098146406642,46.75098146406642,46.10420776758114,46.1524772644043,157700,0.0,0.0,0.0,IYE,iShares U.S. Energy ETF
2024-12-11 00:00:00-05:00,46.27796173095703,46.44206989780239,46.03662900746602,46.27796173095703,258400,0.0,0.0,0.0,IYE,iShares U.S. Energy ETF
2024-12-12 00:00:00-05:00,46.24900547575645,46.24900547575645,45.901485746003736,45.97871398925781,142000,0.0,0.0,0.0,IYE,iShares U.S. Energy ETF
2024-12-13 00:00:00-05:00,46.04628539706885,46.04628539706885,45.56361993941078,45.67945861816406,378800,0.0,0.0,0.0,IYE,iShares U.S. Energy ETF
2024-12-16 00:00:00-05:00,45.58292937051745,45.58292937051745,44.66586421677873,44.723785400390625,319900,0.0,0.0,0.0,IYE,iShares U.S. Energy ETF
2024-12-17 00:00:00-05:00,44.36324009974236,44.44098316849463,43.974513634470085,44.34380340576172,376500,0.309,0.0,0.0,IYE,iShares U.S. Energy ETF
2024-12-18 00:00:00-05:00,44.27578000678459,44.47985974746669,43.099884033203125,43.099884033203125,705000,0.0,0.0,0.0,IYE,iShares U.S. Energy ETF
2024-12-19 00:00:00-05:00,43.49832141994994,43.65381125576002,42.67228236230326,42.69171905517578,564800,0.0,0.0,0.0,IYE,iShares U.S. Energy ETF
2024-12-20 00:00:00-05:00,42.67228167374868,43.265087821699844,42.57510191812425,43.15818786621094,344100,0.0,0.0,0.0,IYE,iShares U.S. Energy ETF
2024-12-23 00:00:00-05:00,43.080448128029815,43.527480969875604,42.80833811837427,43.44001770019531,259600,0.0,0.0,0.0,IYE,iShares U.S. Energy ETF
2024-12-24 00:00:00-05:00,43.537201690388734,43.83846491679753,43.24565866553834,43.78987503051758,184900,0.0,0.0,0.0,IYE,iShares U.S. Energy ETF
2024-12-26 00:00:00-05:00,43.70240900138206,43.78987227404863,43.45945587810494,43.67325210571289,163300,0.0,0.0,0.0,IYE,iShares U.S. Energy ETF
2024-12-27 00:00:00-05:00,43.653811246760604,44.13971744696321,43.517758103851094,43.68296813964844,518100,0.0,0.0,0.0,IYE,iShares U.S. Energy ETF
2024-12-30 00:00:00-05:00,43.77043777263663,43.984234010957785,43.38171127304621,43.712127685546875,411200,0.0,0.0,0.0,IYE,iShares U.S. Energy ETF
2024-12-31 00:00:00-05:00,43.857895810625074,44.36323871685845,43.79958573050077,44.285491943359375,342600,0.0,0.0,0.0,IYE,iShares U.S. Energy ETF
2025-01-02 00:00:00-05:00,44.61590853007523,45.13096793187773,44.538165463374014,44.81998825073242,556700,0.0,0.0,0.0,IYE,iShares U.S. Energy ETF
2025-01-03 00:00:00-05:00,45.08237941741262,45.383642614534864,44.946326266186546,45.23786926269531,155300,0.0,0.0,0.0,IYE,iShares U.S. Energy ETF
2025-01-06 00:00:00-05:00,45.5099782325873,45.83067440926915,44.98519862655855,45.08237838745117,324400,0.0,0.0,0.0,IYE,iShares U.S. Energy ETF
2025-01-07 00:00:00-05:00,45.403085164411145,45.87927125511803,45.16984851282046,45.54885482788086,211900,0.0,0.0,0.0,IYE,iShares U.S. Energy ETF
2025-01-08 00:00:00-05:00,45.21843840064369,45.56829152444432,45.16013201812413,45.54885482788086,250000,0.0,0.0,0.0,IYE,iShares U.S. Energy ETF
2025-01-10 00:00:00-05:00,46.199965316714135,46.64699815935373,45.49054266456774,45.68490219116211,294400,0.0,0.0,0.0,IYE,iShares U.S. Energy ETF
2025-01-13 00:00:00-05:00,45.86954556353066,46.821921261162935,45.86954556353066,46.66643142700195,476800,0.0,0.0,0.0,IYE,iShares U.S. Energy ETF
2025-01-14 00:00:00-05:00,46.520662876472024,47.181495666503906,46.48179319430638,47.181495666503906,248200,0.0,0.0,0.0,IYE,iShares U.S. Energy ETF
2025-01-15 00:00:00-05:00,47.48275800072804,47.94922754267969,47.278678271218645,47.832611083984375,274100,0.0,0.0,0.0,IYE,iShares U.S. Energy ETF
2025-01-16 00:00:00-05:00,47.71599089112203,48.24077051570961,47.6382478210926,48.19218063354492,253400,0.0,0.0,0.0,IYE,iShares U.S. Energy ETF
2025-01-17 00:00:00-05:00,48.172744368520775,48.697523997784764,48.02697101355731,48.54203414916992,234900,0.0,0.0,0.0,IYE,iShares U.S. Energy ETF
2025-01-21 00:00:00-05:00,48.40597893432279,48.49344220214336,48.00753598251134,48.23105239868164,374400,0.0,0.0,0.0,IYE,iShares U.S. Energy ETF
2025-01-22 00:00:00-05:00,48.133867328269545,48.133867328269545,47.2786750793457,47.2786750793457,321600,0.0,0.0,0.0,IYE,iShares U.S. Energy ETF
2025-01-23 00:00:00-05:00,47.647963907742536,47.79373726016208,47.191214570690626,47.482757568359375,292800,0.0,0.0,0.0,IYE,iShares U.S. Energy ETF
2025-01-24 00:00:00-05:00,47.58965698176999,47.745146825871906,46.95797740482265,47.045440673828125,239600,0.0,0.0,0.0,IYE,iShares U.S. Energy ETF
2025-01-27 00:00:00-05:00,46.8219248703446,46.89966793983274,46.1513756039317,46.49150848388672,312900,0.0,0.0,0.0,IYE,iShares U.S. Energy ETF
2025-01-28 00:00:00-05:00,46.64699824474012,46.715024820606736,45.820959133690984,46.04447555541992,297400,0.0,0.0,0.0,IYE,iShares U.S. Energy ETF
2025-01-29 00:00:00-05:00,45.95700859368939,46.41375789393587,45.92785170125276,46.131935119628906,183300,0.0,0.0,0.0,IYE,iShares U.S. Energy ETF
2025-01-30 00:00:00-05:00,46.4915075621912,46.65671389855975,46.15137468897933,46.42348098754883,317100,0.0,0.0,0.0,IYE,iShares U.S. Energy ETF
2025-01-31 00:00:00-05:00,46.36517537294304,46.36517537294304,45.05322992739804,45.15040969848633,472600,0.0,0.0,0.0,IYE,iShares U.S. Energy ETF
2025-02-03 00:00:00-05:00,45.08237837321824,45.636311165905845,44.75196199624929,45.44194793701172,634500,0.0,0.0,0.0,IYE,iShares U.S. Energy ETF
2025-02-04 00:00:00-05:00,45.16984227789405,46.442917923293095,45.16984227789405,46.326297760009766,584200,0.0,0.0,0.0,IYE,iShares U.S. Energy ETF
2025-02-05 00:00:00-05:00,46.423483177990036,46.52066294430153,46.131940171885105,46.46235656738281,213700,0.0,0.0,0.0,IYE,iShares U.S. Energy ETF
2025-02-06 00:00:00-05:00,46.666433911670254,46.7830503667075,45.34476839734722,45.61687469482422,232700,0.0,0.0,0.0,IYE,iShares U.S. Energy ETF
2025-02-07 00:00:00-05:00,45.78208473769973,45.98616446080748,45.587721507857474,45.61687469482422,253100,0.0,0.0,0.0,IYE,iShares U.S. Energy ETF
2025-02-10 00:00:00-05:00,46.05419098451645,46.66643386033649,46.044474491261646,46.608123779296875,197400,0.0,0.0,0.0,IYE,iShares U.S. Energy ETF
2025-02-11 00:00:00-05:00,46.89966883524944,47.23980542886876,46.54009925426484,46.919105529785156,242300,0.0,0.0,0.0,IYE,iShares U.S. Energy ETF
2025-02-12 00:00:00-05:00,46.608126645996876,46.821926582455276,45.66547104115041,45.733497619628906,374300,0.0,0.0,0.0,IYE,iShares U.S. Energy ETF
2025-02-13 00:00:00-05:00,45.68489975562112,46.19024265360052,45.432230160216484,46.102779388427734,235600,0.0,0.0,0.0,IYE,iShares U.S. Energy ETF
2025-02-14 00:00:00-05:00,46.34573236671859,46.89966514227207,46.28742599487305,46.28742599487305,217900,0.0,0.0,0.0,IYE,iShares U.S. Energy ETF
2025-02-18 00:00:00-05:00,46.46235205779379,47.191211355898986,46.23883565123527,46.9288215637207,169100,0.0,0.0,0.0,IYE,iShares U.S. Energy ETF
2025-02-19 00:00:00-05:00,47.1231852425259,47.72570789680636,47.1231852425259,47.2786750793457,300400,0.0,0.0,0.0,IYE,iShares U.S. Energy ETF
2025-02-20 00:00:00-05:00,47.181492979860515,47.774299158383435,47.01628664534507,47.696556091308594,167900,0.0,0.0,0.0,IYE,iShares U.S. Energy ETF
2025-02-21 00:00:00-05:00,47.414732113304126,47.502195385389314,46.61784617082594,46.64699935913086,155300,0.0,0.0,0.0,IYE,iShares U.S. Energy ETF
2025-02-24 00:00:00-05:00,46.7441770389331,46.909387082019364,46.41376065993086,46.695587158203125,280200,0.0,0.0,0.0,IYE,iShares U.S. Energy ETF
2025-02-25 00:00:00-05:00,46.61784448062517,46.83164069906045,45.60715864143371,45.96672821044922,161300,0.0,0.0,0.0,IYE,iShares U.S. Energy ETF
2025-02-26 00:00:00-05:00,46.0444755808555,46.190245226148626,45.55856934887103,45.77236557006836,214300,0.0,0.0,0.0,IYE,iShares U.S. Energy ETF
2025-02-27 00:00:00-05:00,46.063911216243234,46.47207066228711,45.675184756722174,45.88898468017578,252400,0.0,0.0,0.0,IYE,iShares U.S. Energy ETF
2025-02-28 00:00:00-05:00,45.78208548440729,46.61784479134108,45.45166910043743,46.588687896728516,363700,0.0,0.0,0.0,IYE,iShares U.S. Energy ETF
2025-03-03 00:00:00-05:00,46.83164256558676,46.93854253265017,44.50901130728349,44.93661117553711,479000,0.0,0.0,0.0,IYE,iShares U.S. Energy ETF
2025-03-04 00:00:00-05:00,44.324362675355836,45.23786496623564,43.7315565380265,44.5284423828125,487100,0.0,0.0,0.0,IYE,iShares U.S. Energy ETF
2025-03-05 00:00:00-05:00,43.984235591380894,44.11057226436285,43.08045330562453,43.94536590576172,499300,0.0,0.0,0.0,IYE,iShares U.S. Energy ETF
2025-03-06 00:00:00-05:00,43.712127531747655,44.27578058345352,43.371994626180765,43.98423385620117,523400,0.0,0.0,0.0,IYE,iShares U.S. Energy ETF
2025-03-07 00:00:00-05:00,44.14943855092709,45.05322439838225,44.14943855092709,44.742244720458984,273000,0.0,0.0,0.0,IYE,iShares U.S. Energy ETF
2025-03-10 00:00:00-04:00,44.89773824381211,45.59744072297323,44.61591172907626,45.01435470581055,306500,0.0,0.0,0.0,IYE,iShares U.S. Energy ETF
2025-03-11 00:00:00-04:00,45.140689765814706,45.383642882199965,44.47985699267318,44.69365692138672,196900,0.0,0.0,0.0,IYE,iShares U.S. Energy ETF
2025-03-12 00:00:00-04:00,44.76168163852895,45.32533091740682,44.60619179878641,44.917171478271484,248500,0.0,0.0,0.0,IYE,iShares U.S. Energy ETF
2025-03-13 00:00:00-04:00,44.78111962118224,45.37392210358848,44.34380327582494,44.615909576416016,314800,0.0,0.0,0.0,IYE,iShares U.S. Energy ETF
2025-03-14 00:00:00-04:00,44.83942501504579,45.96672728777121,44.693655374561864,45.89870071411133,165100,0.0,0.0,0.0,IYE,iShares U.S. Energy ETF
2025-03-17 00:00:00-04:00,45.898699094523415,46.86079499931768,45.898699094523415,46.65671157836914,223500,0.0,0.0,0.0,IYE,iShares U.S. Energy ETF
2025-03-18 00:00:00-04:00,46.90135028057912,46.98941889428565,46.39250981614454,46.7349967956543,173300,0.33,0.0,0.0,IYE,iShares U.S. Energy ETF
2025-03-19 00:00:00-04:00,46.8915593124361,47.71353173486112,46.88177557067664,47.527610778808594,121400,0.0,0.0,0.0,IYE,iShares U.S. Energy ETF
2025-03-20 00:00:00-04:00,47.292763409705394,47.8407425333389,47.09705498005293,47.713531494140625,158800,0.0,0.0,0.0,IYE,iShares U.S. Energy ETF
2025-03-21 00:00:00-04:00,47.59611137754796,47.6254663376327,47.11662960963292,47.37104797363281,130000,0.0,0.0,0.0,IYE,iShares U.S. Energy ETF
2025-03-24 00:00:00-04:00,47.59610889732662,48.20280168204104,47.59610889732662,47.94838333129883,211500,0.0,0.0,0.0,IYE,iShares U.S. Energy ETF
2025-03-25 00:00:00-04:00,48.13431072075518,48.496372677834444,48.00710339480361,48.12452697753906,386200,0.0,0.0,0.0,IYE,iShares U.S. Energy ETF
2025-03-26 00:00:00-04:00,48.55507771286014,48.92692337570736,48.28108813646114,48.33980178833008,210100,0.0,0.0,0.0,IYE,iShares U.S. Energy ETF
2025-03-27 00:00:00-04:00,48.241948651822376,48.42787336102908,47.703753208345155,47.87989044189453,120300,0.0,0.0,0.0,IYE,iShares U.S. Energy ETF
2025-03-28 00:00:00-04:00,47.79181808908994,48.02666895973953,47.43954364952953,47.654823303222656,173500,0.0,0.0,0.0,IYE,iShares U.S. Energy ETF
2025-03-31 00:00:00-04:00,47.61568313300411,48.44743936264248,47.566756954700935,48.241947174072266,188500,0.0,0.0,0.0,IYE,iShares U.S. Energy ETF
2025-04-01 00:00:00-04:00,48.08538211143507,48.525725190497845,47.70375268719006,48.47679901123047,158300,0.0,0.0,0.0,IYE,iShares U.S. Energy ETF
2025-04-02 00:00:00-04:00,48.06580849549923,48.65293381590481,47.99731110137612,48.60400390625,166100,0.0,0.0,0.0,IYE,iShares U.S. Energy ETF
2025-04-03 00:00:00-04:00,46.40229181205587,46.64692642616286,44.836631774902344,44.836631774902344,570300,0.0,0.0,0.0,IYE,iShares U.S. Energy ETF
2025-04-04 00:00:00-04:00,43.329680946079925,43.66238416512653,40.687630143282206,40.8050537109375,1275300,0.0,0.0,0.0,IYE,iShares U.S. Energy ETF
2025-04-07 00:00:00-04:00,39.395956534602654,42.13586719338692,38.759908778892566,40.47235107421875,1274400,0.0,0.0,0.0,IYE,iShares U.S. Energy ETF
2025-04-08 00:00:00-04:00,41.80316390740872,41.94994243566455,38.906687249527934,39.493812561035156,1541800,0.0,0.0,0.0,IYE,iShares U.S. Energy ETF
2025-04-09 00:00:00-04:00,38.77948082243666,43.016550479535894,38.50548751102178,42.62513732910156,1949200,0.0,0.0,0.0,IYE,iShares U.S. Energy ETF
2025-04-10 00:00:00-04:00,41.63680999904477,41.63680999904477,39.03389789023043,39.865657806396484,970900,0.0,0.0,0.0,IYE,iShares U.S. Energy ETF
2025-04-11 00:00:00-04:00,40.05157892686179,41.12796972522974,39.24917769909777,40.88333511352539,736500,0.0,0.0,0.0,IYE,iShares U.S. Energy ETF
2025-04-14 00:00:00-04:00,41.72487940304586,41.72487940304586,40.58977493696625,41.03990173339844,911600,0.0,0.0,0.0,IYE,iShares U.S. Energy ETF
2025-04-15 00:00:00-04:00,40.97140407291798,41.70530791429802,40.94204911376772,40.96162033081055,436200,0.0,0.0,0.0,IYE,iShares U.S. Energy ETF
2025-04-16 00:00:00-04:00,41.206255312755225,41.97930159512759,41.108399226666826,41.304107666015625,474700,0.0,0.0,0.0,IYE,iShares U.S. Energy ETF
2025-04-17 00:00:00-04:00,41.55852886532058,42.859983053333764,41.55852886532058,42.27286148071289,602900,0.0,0.0,0.0,IYE,iShares U.S. Energy ETF
2025-04-21 00:00:00-04:00,41.68573916848982,41.68573916848982,40.668061951728305,41.09861755371094,454200,0.0,0.0,0.0,IYE,iShares U.S. Energy ETF
2025-04-22 00:00:00-04:00,41.60745571944311,42.49792556770921,41.53895832594787,42.20436477661133,496000,0.0,0.0,0.0,IYE,iShares U.S. Energy ETF
2025-04-23 00:00:00-04:00,42.59578212891283,42.928485387115515,41.822739506971956,42.057586669921875,966300,0.0,0.0,0.0,IYE,iShares U.S. Energy ETF
2025-04-24 00:00:00-04:00,42.360930899369336,42.889342564522366,42.1358675011363,42.73277282714844,492200,0.0,0.0,0.0,IYE,iShares U.S. Energy ETF
2025-04-25 00:00:00-04:00,42.43921108526594,42.7719143040823,42.28264508422459,42.72298812866211,535000,0.0,0.0,0.0,IYE,iShares U.S. Energy ETF
2025-04-28 00:00:00-04:00,42.71320664518365,43.17311719784483,42.64470924940798,43.0459098815918,299800,0.0,0.0,0.0,IYE,iShares U.S. Energy ETF
2025-04-29 00:00:00-04:00,42.5859967983339,43.094837276195285,42.49792818230351,42.869773864746094,446600,0.0,0.0,0.0,IYE,iShares U.S. Energy ETF
2025-04-30 00:00:00-04:00,42.24350424289682,42.24350424289682,41.21603958903651,41.68573760986328,683000,0.0,0.0,0.0,IYE,iShares U.S. Energy ETF
2025-05-01 00:00:00-04:00,41.49981476441775,42.43921076354452,41.49981476441775,41.93037033081055,739800,0.0,0.0,0.0,IYE,iShares U.S. Energy ETF
2025-05-02 00:00:00-04:00,42.497925072547766,42.693633508608734,41.69552384424295,42.57620620727539,858100,0.0,0.0,0.0,IYE,iShares U.S. Energy ETF
2025-05-05 00:00:00-04:00,42.02822500503914,42.067367436897754,41.55852702121905,41.80316162109375,460800,0.0,0.0,0.0,IYE,iShares U.S. Energy ETF
2025-05-06 00:00:00-04:00,41.99887197741073,42.19458043026328,41.617242547403805,41.78359603881836,513600,0.0,0.0,0.0,IYE,iShares U.S. Energy ETF
2025-05-07 00:00:00-04:00,41.940160318526225,42.04780014978106,41.53895968655792,41.84230422973633,557500,0.0,0.0,0.0,IYE,iShares U.S. Energy ETF
2025-05-08 00:00:00-04:00,42.194578179264425,42.987195691259934,42.194578179264425,42.439212799072266,562800,0.0,0.0,0.0,IYE,iShares U.S. Energy ETF
2025-05-09 00:00:00-04:00,42.95784248077649,43.065478582299676,42.51749940062451,42.869773864746094,215600,0.0,0.0,0.0,IYE,iShares U.S. Energy ETF
2025-05-12 00:00:00-04:00,44.40607360496407,44.621349514484955,43.652598589571575,43.94615936279297,424700,0.0,0.0,0.0,IYE,iShares U.S. Energy ETF
2025-05-13 00:00:00-04:00,44.17122454355979,44.98341323976721,44.073372192781314,44.64092254638672,548300,0.0,0.0,0.0,IYE,iShares U.S. Energy ETF
2025-05-14 00:00:00-04:00,44.4256477355957,44.572426265422465,44.24951051354119,44.4256477355957,381700,0.0,0.0,0.0,IYE,iShares U.S. Energy ETF
2025-05-15 00:00:00-04:00,43.965732102294474,44.57242488568656,43.77002366908893,44.56264114379883,526500,0.0,0.0,0.0,IYE,iShares U.S. Energy ETF
2025-05-16 00:00:00-04:00,44.60178591752606,44.640924619958696,44.044015547130975,44.43543243408203,358200,0.0,0.0,0.0,IYE,iShares U.S. Energy ETF
2025-05-19 00:00:00-04:00,44.073373959471084,44.08315770180995,43.554746027637705,43.867881774902344,592800,0.0,0.0,0.0,IYE,iShares U.S. Energy ETF
2025-05-20 00:00:00-04:00,43.82873871861186,43.90701985469733,43.45689305692887,43.48624801635742,469300,0.0,0.0,0.0,IYE,iShares U.S. Energy ETF
2025-05-21 00:00:00-04:00,43.23182838782928,43.300325779702014,42.68384552001953,42.68384552001953,649800,0.0,0.0,0.0,IYE,iShares U.S. Energy ETF
2025-05-22 00:00:00-04:00,42.41963976267529,42.7034168053633,41.95972923547971,42.45878219604492,536600,0.0,0.0,0.0,IYE,iShares U.S. Energy ETF
2025-05-23 00:00:00-04:00,42.0673706967909,42.72298968350314,42.0673706967909,42.62513732910156,658300,0.0,0.0,0.0,IYE,iShares U.S. Energy ETF
2025-05-27 00:00:00-04:00,42.86977343474262,43.04591066503667,42.576208895700404,43.01655197143555,570400,0.0,0.0,0.0,IYE,iShares U.S. Energy ETF
2025-05-28 00:00:00-04:00,43.26118359440379,43.30032602793486,42.3805012369222,42.4979248046875,779400,0.0,0.0,0.0,IYE,iShares U.S. Energy ETF
2025-05-29 00:00:00-04:00,42.537067343187516,42.77191447929764,42.28264525743563,42.76213073730469,544700,0.0,0.0,0.0,IYE,iShares U.S. Energy ETF
2025-05-30 00:00:00-04:00,42.53706992685335,42.64470975945341,42.106510596453106,42.44900131225586,1051200,0.0,0.0,0.0,IYE,iShares U.S. Energy ETF
2025-06-02 00:00:00-04:00,43.18290528586385,43.270973900657616,42.49792758555994,42.97740936279297,1123400,0.0,0.0,0.0,IYE,iShares U.S. Energy ETF
2025-06-03 00:00:00-04:00,42.977410561993786,43.7700281172541,42.64471104440975,43.51560974121094,818200,0.0,0.0,0.0,IYE,iShares U.S. Energy ETF
2025-06-04 00:00:00-04:00,43.53517868058888,43.82873947844771,42.674063771751996,42.70341873168945,896800,0.0,0.0,0.0,IYE,iShares U.S. Energy ETF
2025-06-05 00:00:00-04:00,42.98719377890441,42.99697752081713,42.57620569484013,42.68384552001953,817400,0.0,0.0,0.0,IYE,iShares U.S. Energy ETF
2025-06-06 00:00:00-04:00,43.0948321193426,43.61345627789029,43.0948321193426,43.49603271484375,641500,0.0,0.0,0.0,IYE,iShares U.S. Energy ETF
2025-06-09 00:00:00-04:00,43.58410410249926,43.93637854695388,43.26118461747319,43.48624801635742,953100,0.0,0.0,0.0,IYE,iShares U.S. Energy ETF
2025-06-10 00:00:00-04:00,43.897236235182774,44.51371651470133,43.897236235182774,44.239723205566406,894300,0.0,0.0,0.0,IYE,iShares U.S. Energy ETF
2025-06-11 00:00:00-04:00,44.533285661207415,44.983416209861495,44.15165624201465,44.895347595214844,683600,0.0,0.0,0.0,IYE,iShares U.S. Energy ETF
2025-06-12 00:00:00-04:00,44.69963794546331,45.08126735439003,44.40607714881414,45.07148361206055,730100,0.0,0.0,0.0,IYE,iShares U.S. Energy ETF
2025-06-13 00:00:00-04:00,46.02066177694658,46.07937542734101,45.24761924397349,45.8836669921875,1819600,0.0,0.0,0.0,IYE,iShares U.S. Energy ETF
2025-06-16 00:00:00-04:00,45.81473084863874,46.24805884644787,45.401096333438126,45.745792388916016,1371100,0.3,0.0,0.0,IYE,iShares U.S. Energy ETF
2025-06-17 00:00:00-04:00,46.01169856954977,46.366241359266354,45.73594097929009,46.06093978881836,1319300,0.0,0.0,0.0,IYE,iShares U.S. Energy ETF
2025-06-18 00:00:00-04:00,46.179121243764165,46.405633866608994,45.667004278559375,45.77533721923828,1301700,0.0,0.0,0.0,IYE,iShares U.S. Energy ETF
2025-06-20 00:00:00-04:00,45.97230658835756,46.326849397330996,45.84427640581394,46.18897247314453,897700,0.0,0.0,0.0,IYE,iShares U.S. Energy ETF
2025-06-23 00:00:00-04:00,46.789721898627164,46.789721898627164,44.859437425380314,45.03670883178711,2109700,0.0,0.0,0.0,IYE,iShares U.S. Energy ETF
2025-06-24 00:00:00-04:00,44.34732099427932,44.967770924366604,44.31777701180143,44.53444290161133,1182900,0.0,0.0,0.0,IYE,iShares U.S. Energy ETF
2025-06-25 00:00:00-04:00,44.514744369808206,44.623077311570846,44.20944278455572,44.31777572631836,1435400,0.0,0.0,0.0,IYE,iShares U.S. Energy ETF
2025-06-26 00:00:00-04:00,44.44580674915464,45.09580065516576,44.35717104575019,44.997314453125,828400,0.0,0.0,0.0,IYE,iShares U.S. Energy ETF
2025-06-27 00:00:00-04:00,45.00716578781162,45.00716578781162,44.475351557505995,44.721561431884766,798400,0.0,0.0,0.0,IYE,iShares U.S. Energy ETF
2025-06-30 00:00:00-04:00,44.57383362596035,44.810196756377,44.39656597422849,44.53444290161133,553900,0.0,0.0,0.0,IYE,iShares U.S. Energy ETF
2025-07-01 00:00:00-04:00,44.60338153923776,44.997315082315694,44.18974699861173,44.800350189208984,1054500,0.0,0.0,0.0,IYE,iShares U.S. Energy ETF
2025-07-02 00:00:00-04:00,45.13519254847281,45.6374590010611,44.71171129613605,45.55867004394531,811200,0.0,0.0,0.0,IYE,iShares U.S. Energy ETF
2025-07-03 00:00:00-04:00,45.588218430218795,45.775336570735945,45.44049101195599,45.6670036315918,478300,0.0,0.0,0.0,IYE,iShares U.S. Energy ETF
2025-07-07 00:00:00-04:00,45.38140544722874,45.607918078829144,44.741258276762515,45.1844367980957,511400,0.0,0.0,0.0,IYE,iShares U.S. Energy ETF
2025-07-08 00:00:00-04:00,45.11549695116893,46.484423197531655,45.11549695116893,46.307151794433594,891400,0.0,0.0,0.0,IYE,iShares U.S. Energy ETF
2025-07-09 00:00:00-04:00,46.179120418708365,46.29730009876283,45.92306381911296,46.051090240478516,530200,0.0,0.0,0.0,IYE,iShares U.S. Energy ETF
2025-07-10 00:00:00-04:00,45.91321425040854,46.40563397694576,45.62761366423387,46.38593673706055,525500,0.0,0.0,0.0,IYE,iShares U.S. Energy ETF
2025-07-11 00:00:00-04:00,46.25791354174249,46.74048280358655,46.17912457670244,46.582908630371094,513300,0.0,0.0,0.0,IYE,iShares U.S. Energy ETF
2025-07-14 00:00:00-04:00,46.48442179328851,46.48442179328851,45.893515881857454,46.129878997802734,846500,0.0,0.0,0.0,IYE,iShares U.S. Energy ETF
2025-07-15 00:00:00-04:00,46.07078821791321,46.23821287779774,45.440491571707746,45.470035552978516,649600,0.0,0.0,0.0,IYE,iShares U.S. Energy ETF
2025-07-16 00:00:00-04:00,45.48973312993055,45.65715779105595,44.90867770049128,45.04655838012695,653600,0.0,0.0,0.0,IYE,iShares U.S. Energy ETF
2025-07-17 00:00:00-04:00,44.88898240311808,45.40109559360911,44.74125498791136,45.332157135009766,522400,0.0,0.0,0.0,IYE,iShares U.S. Energy ETF
2025-07-18 00:00:00-04:00,45.7457943538331,45.97230698220346,44.89883180444381,45.07610321044922,664800,0.0,0.0,0.0,IYE,iShares U.S. Energy ETF
2025-07-21 00:00:00-04:00,45.03670659206879,45.09579831022052,44.41625670050056,44.48519515991211,691900,0.0,0.0,0.0,IYE,iShares U.S. Energy ETF
2025-07-22 00:00:00-04:00,44.445804785082096,44.92837400473129,44.43595428688108,44.71171188354492,648100,0.0,0.0,0.0,IYE,iShares U.S. Energy ETF
2025-07-23 00:00:00-04:00,44.83974109831671,45.37155532836914,44.7412586513579,45.37155532836914,615000,0.0,0.0,0.0,IYE,iShares U.S. Energy ETF
2025-07-24 00:00:00-04:00,45.21397729633364,45.76548872003326,45.07610037962479,45.716243743896484,947300,0.0,0.0,0.0,IYE,iShares U.S. Energy ETF
2025-07-25 00:00:00-04:00,45.78518939875706,45.79503614060563,45.332160379568464,45.52912902832031,292400,0.0,0.0,0.0,IYE,iShares U.S. Energy ETF
2025-07-28 00:00:00-04:00,45.8935151350681,46.16927272532779,45.87382165285204,46.06093978881836,317500,0.0,0.0,0.0,IYE,iShares U.S. Energy ETF
2025-07-29 00:00:00-04:00,46.12987883191583,46.52381610478657,46.0018486547032,46.51396560668945,510000,0.0,0.0,0.0,IYE,iShares U.S. Energy ETF
2025-07-30 00:00:00-04:00,46.28745483710408,46.28745483710408,45.588219718871876,45.883670806884766,604000,0.0,0.0,0.0,IYE,iShares U.S. Energy ETF
2025-07-31 00:00:00-04:00,45.48973418324152,46.15942532952102,45.48973418324152,45.647308349609375,573500,0.0,0.0,0.0,IYE,iShares U.S. Energy ETF
2025-08-01 00:00:00-04:00,45.5685235242593,45.61776474724715,44.65262250060024,44.87913513183594,727900,0.0,0.0,0.0,IYE,iShares U.S. Energy ETF
2025-08-04 00:00:00-04:00,44.75110520906779,45.12534526832667,44.57383379978013,44.800350189208984,698000,0.0,0.0,0.0,IYE,iShares U.S. Energy ETF
2025-08-05 00:00:00-04:00,44.79049477125551,44.90867444551319,44.2488338609717,44.849586486816406,681000,0.0,0.0,0.0,IYE,iShares U.S. Energy ETF
2025-08-06 00:00:00-04:00,45.164736930125514,45.39124954854899,44.32762115922384,44.445804595947266,684100,0.0,0.0,0.0,IYE,iShares U.S. Energy ETF
2025-08-07 00:00:00-04:00,44.6920158756187,45.19428234864696,44.21929338427905,44.27838134765625,608500,0.0,0.0,0.0,IYE,iShares U.S. Energy ETF
2025-08-08 00:00:00-04:00,44.50489526484304,44.95792428611373,44.27838263263996,44.49504852294922,723900,0.0,0.0,0.0,IYE,iShares U.S. Energy ETF
2025-08-11 00:00:00-04:00,44.60338155804428,44.79049970932036,44.10111131256265,44.15035629272461,400900,0.0,0.0,0.0,IYE,iShares U.S. Energy ETF
2025-08-12 00:00:00-04:00,44.26853144542429,44.75110064391819,44.14050127247393,44.38671112060547,490200,0.0,0.0,0.0,IYE,iShares U.S. Energy ETF
2025-08-13 00:00:00-04:00,44.426109869364545,44.87913513183594,44.26853570168473,44.87913513183594,364100,0.0,0.0,0.0,IYE,iShares U.S. Energy ETF
2025-08-14 00:00:00-04:00,44.82004070671187,44.87913242485174,44.37686596968781,44.829891204833984,331800,0.0,0.0,0.0,IYE,iShares U.S. Energy ETF
2025-08-15 00:00:00-04:00,44.77079938681602,45.34200805696764,44.69201418633623,44.869285583496094,497700,0.0,0.0,0.0,IYE,iShares U.S. Energy ETF
2025-08-18 00:00:00-04:00,44.711714953941765,44.84959188330968,44.376869372534884,44.64277648925781,434700,0.0,0.0,0.0,IYE,iShares U.S. Energy ETF
2025-08-19 00:00:00-04:00,44.48519570745521,44.888983484498965,44.37686652480675,44.6329231262207,557400,0.0,0.0,0.0,IYE,iShares U.S. Energy ETF
2025-08-20 00:00:00-04:00,44.692015675317506,45.174584906102446,44.692015675317506,45.007164001464844,479900,0.0,0.0,0.0,IYE,iShares U.S. Energy ETF
2025-08-21 00:00:00-04:00,44.93822193508616,45.3715499095621,44.80034502306491,45.273067474365234,477800,0.0,0.0,0.0,IYE,iShares U.S. Energy ETF
2025-08-22 00:00:00-04:00,45.37155666924267,46.277610986871515,45.37155666924267,46.198822021484375,693100,0.0,0.0,0.0,IYE,iShares U.S. Energy ETF
2025-08-25 00:00:00-04:00,46.06093998300754,46.36624155474266,45.96245378719094,46.326847076416016,519500,0.0,0.0,0.0,IYE,iShares U.S. Energy ETF
2025-08-26 00:00:00-04:00,46.14957783364507,46.27760801574702,45.83442950605903,46.228363037109375,613800,0.0,0.0,0.0,IYE,iShares U.S. Energy ETF
2025-08-27 00:00:00-04:00,46.14957735461492,46.89805368564651,46.14957735461492,46.73063278198242,424800,0.0,0.0,0.0,IYE,iShares U.S. Energy ETF
2025-08-28 00:00:00-04:00,46.77002718675274,47.1541139715916,46.45487510607883,47.07532501220703,604100,0.0,0.0,0.0,IYE,iShares U.S. Energy ETF
2025-08-29 00:00:00-04:00,47.08517579525374,47.42986810248443,47.0654785552885,47.30183792114258,469400,0.0,0.0,0.0,IYE,iShares U.S. Energy ETF
2025-09-02 00:00:00-04:00,47.1245691079601,47.4397174509935,46.80942076492669,47.39047622680664,1024500,0.0,0.0,0.0,IYE,iShares U.S. Energy ETF
2025-09-03 00:00:00-04:00,47.01623515912948,47.42986590867433,46.257908361433046,46.40563201904297,1277100,0.0,0.0,0.0,IYE,iShares U.S. Energy ETF
2025-09-04 00:00:00-04:00,46.385934875535874,46.87835458231169,46.21851397852692,46.710933685302734,736600,0.0,0.0,0.0,IYE,iShares U.S. Energy ETF
2025-09-05 00:00:00-04:00,46.28745493965608,46.51396756619662,45.6276143001942,45.844276428222656,1151500,0.0,0.0,0.0,IYE,iShares U.S. Energy ETF
2025-09-08 00:00:00-04:00,45.992001334178404,46.16927272905099,45.33215697396062,45.716243743896484,1016200,0.0,0.0,0.0,IYE,iShares U.S. Energy ETF
2025-09-09 00:00:00-04:00,45.93290996948065,46.563206597481226,45.9132127302476,45.9427604675293,791000,0.0,0.0,0.0,IYE,iShares U.S. Energy ETF
2025-09-10 00:00:00-04:00,46.08064166068386,46.77003007034541,45.95261147222245,46.740482330322266,703400,0.0,0.0,0.0,IYE,iShares U.S. Energy ETF
2025-09-11 00:00:00-04:00,46.356392738034444,46.83896572287771,46.2579102955102,46.73063278198242,300200,0.0,0.0,0.0,IYE,iShares U.S. Energy ETF
2025-09-12 00:00:00-04:00,46.93744610241224,47.09502025764397,46.44502639770508,46.44502639770508,434900,0.0,0.0,0.0,IYE,iShares U.S. Energy ETF
2025-09-15 00:00:00-04:00,46.50411958461238,46.62229926555547,46.208664746958185,46.27760696411133,524400,0.0,0.0,0.0,IYE,iShares U.S. Energy ETF
2025-09-16 00:00:00-04:00,46.506961266312636,47.16226842342996,46.506961266312636,47.0331916809082,1426700,0.381,0.0,0.0,IYE,iShares U.S. Energy ETF
2025-09-17 00:00:00-04:00,46.95376500940039,47.47999545255108,46.79490277443559,47.15234375,632200,0.0,0.0,0.0,IYE,iShares U.S. Energy ETF
2025-09-18 00:00:00-04:00,47.20198665189969,47.251630389276364,46.655897965607565,46.99348068237305,801800,0.0,0.0,0.0,IYE,iShares U.S. Energy ETF
2025-09-19 00:00:00-04:00,46.97362009273514,46.97362009273514,46.219021686887025,46.37788391113281,436400,0.0,0.0,0.0,IYE,iShares U.S. Energy ETF
2025-09-22 00:00:00-04:00,46.18923864511445,46.58639233293616,46.07009291752538,46.3878173828125,517300,0.0,0.0,0.0,IYE,iShares U.S. Energy ETF
2025-09-23 00:00:00-04:00,46.516891022566355,47.668643172954766,46.516891022566355,47.15234375,1171500,0.0,0.0,0.0,IYE,iShares U.S. Energy ETF
2025-09-24 00:00:00-04:00,47.470067010751066,48.18494515609575,47.470067010751066,47.7381477355957,481300,0.0,0.0,0.0,IYE,iShares U.S. Energy ETF
2025-09-25 00:00:00-04:00,47.73814601343625,48.184943417818026,47.57928000067483,48.13529968261719,550200,0.0,0.0,0.0,IYE,iShares U.S. Energy ETF
2025-09-26 00:00:00-04:00,48.18494519619811,49.038831108434415,48.18494519619811,48.5622444152832,655900,0.0,0.0,0.0,IYE,iShares U.S. Energy ETF
2025-09-29 00:00:00-04:00,48.35373655877173,48.35373655877173,47.4502069447892,47.66864013671875,711800,0.0,0.0,0.0,IYE,iShares U.S. Energy ETF
2025-09-30 00:00:00-04:00,47.28141638206986,47.38070764546413,46.82468793317945,47.18212890625,1908900,0.0,0.0,0.0,IYE,iShares U.S. Energy ETF
2025-10-01 00:00:00-04:00,47.033192219580556,47.37077492787547,46.94383197951501,47.22184371948242,699000,0.0,0.0,0.0,IYE,iShares U.S. Energy ETF
2025-10-02 00:00:00-04:00,47.122552365307186,47.5395680806363,46.72539868947986,46.755184173583984,606100,0.0,0.0,0.0,IYE,iShares U.S. Energy ETF
2025-10-03 00:00:00-04:00,46.97362242990751,47.24170315683078,46.933905924976415,46.99348068237305,614900,0.0,0.0,0.0,IYE,iShares U.S. Energy ETF
2025-10-06 00:00:00-04:00,47.25163056758095,47.4601365378944,47.062982849807995,47.2119140625,513300,0.0,0.0,0.0,IYE,iShares U.S. Energy ETF
2025-10-07 00:00:00-04:00,47.13248282565515,47.34098878705787,46.516888385931566,47.28141403198242,549500,0.0,0.0,0.0,IYE,iShares U.S. Energy ETF
2025-10-08 00:00:00-04:00,47.29134486404424,47.29134486404424,46.71546692998839,47.06298065185547,643300,0.0,0.0,0.0,IYE,iShares U.S. Energy ETF
2025-10-09 00:00:00-04:00,47.142410295562904,47.529636736571405,46.37788464565477,46.427528381347656,535700,0.0,0.0,0.0,IYE,iShares U.S. Energy ETF
2025-10-10 00:00:00-04:00,46.179307819465585,46.348101072870534,45.0672721862793,45.0672721862793,1577300,0.0,0.0,0.0,IYE,iShares U.S. Energy ETF
2025-10-13 00:00:00-04:00,45.44456852459787,45.7424347196945,45.295633533262475,45.69279098510742,678900,0.0,0.0,0.0,IYE,iShares U.S. Energy ETF
2025-10-14 00:00:00-04:00,45.07720233588284,45.891371739332826,45.03748583142812,45.623291015625,1064100,0.0,0.0,0.0,IYE,iShares U.S. Energy ETF
2025-10-15 00:00:00-04:00,45.970800299921585,46.21902276783431,45.335351388076894,45.682861328125,680900,0.0,0.0,0.0,IYE,iShares U.S. Energy ETF
2025-10-16 00:00:00-04:00,45.75236831118487,45.80201204856273,44.79919113068773,45.0970573425293,979400,0.0,0.0,0.0,IYE,iShares U.S. Energy ETF
2025-10-17 00:00:00-04:00,45.25592399687861,45.514073707408144,45.067272489593144,45.394927978515625,636600,0.0,0.0,0.0,IYE,iShares U.S. Energy ETF
2025-10-20 00:00:00-04:00,45.52400098785438,45.98073322630902,45.52400098785438,45.8615837097168,647100,0.0,0.0,0.0,IYE,iShares U.S. Energy ETF
2025-10-21 00:00:00-04:00,46.00059140480668,46.080020628165485,45.553790187243294,45.75236892700195,1019300,0.0,0.0,0.0,IYE,iShares U.S. Energy ETF
2025-10-22 00:00:00-04:00,46.01051637774452,46.506961308972855,45.64314818915635,46.31831359863281,1058600,0.0,0.0,0.0,IYE,iShares U.S. Energy ETF
2025-10-23 00:00:00-04:00,47.04312365818126,47.23177137218838,46.62610793830455,46.94383239746094,1469100,0.0,0.0,0.0,IYE,iShares U.S. Energy ETF
2025-10-24 00:00:00-04:00,47.11262558372041,47.16226932022684,46.457318414142335,46.477176666259766,452600,0.0,0.0,0.0,IYE,iShares U.S. Energy ETF
2025-10-27 00:00:00-04:00,46.61618148141234,46.78497094608298,46.43746099671733,46.63603973388672,658500,0.0,0.0,0.0,IYE,iShares U.S. Energy ETF
2025-10-28 00:00:00-04:00,46.44738707861185,46.58639105491481,46.109804370058505,46.14952087402344,468800,0.0,0.0,0.0,IYE,iShares U.S. Energy ETF
2025-10-29 00:00:00-04:00,46.08001741618118,46.636037091233476,46.08001741618118,46.40767288208008,539500,0.0,0.0,0.0,IYE,iShares U.S. Energy ETF
2025-10-30 00:00:00-04:00,46.358028234976956,46.72540022635792,46.0700930414931,46.13959503173828,641700,0.0,0.0,0.0,IYE,iShares U.S. Energy ETF
2025-10-31 00:00:00-04:00,46.26866520385669,46.745255661923366,46.099875748454295,46.51688766479492,786800,0.0,0.0,0.0,IYE,iShares U.S. Energy ETF
2025-11-03 00:00:00-05:00,46.52682113647461,46.66582511591437,45.990659683571785,46.52682113647461,759500,0.0,0.0,0.0,IYE,iShares U.S. Energy ETF
2025-11-04 00:00:00-05:00,45.950942036681745,46.15945178823362,45.623290348656134,46.04030227661133,894500,0.0,0.0,0.0,IYE,iShares U.S. Energy ETF
2025-11-05 00:00:00-05:00,46.0502334016854,46.66582406284468,45.97080039375554,46.14952087402344,806900,0.0,0.0,0.0,IYE,iShares U.S. Energy ETF
2025-11-06 00:00:00-05:00,46.298456588097764,47.00340750032332,46.298456588097764,46.55660629272461,646900,0.0,0.0,0.0,IYE,iShares U.S. Energy ETF
2025-11-07 00:00:00-05:00,46.705541581001036,47.291346770694275,46.55660658168563,47.241703033447266,848600,0.0,0.0,0.0,IYE,iShares U.S. Energy ETF
2025-11-10 00:00:00-05:00,47.321132311063174,47.79771900682768,46.8048291104247,47.70835876464844,1309500,0.0,0.0,0.0,IYE,iShares U.S. Energy ETF
2025-11-11 00:00:00-05:00,47.96651138799543,48.59202928432043,47.96651138799543,48.26437759399414,1150000,0.0,0.0,0.0,IYE,iShares U.S. Energy ETF
2025-11-12 00:00:00-05:00,47.9764390839451,48.155159566786544,47.56935438137833,47.628929138183594,655200,0.0,0.0,0.0,IYE,iShares U.S. Energy ETF
2025-11-13 00:00:00-05:00,47.70835770267854,48.13530065163418,47.4899245058827,47.688499450683594,840700,0.0,0.0,0.0,IYE,iShares U.S. Energy ETF
2025-11-14 00:00:00-05:00,47.86722063195259,48.58210256394109,47.321131950605526,48.453025817871094,937000,0.0,0.0,0.0,IYE,iShares U.S. Energy ETF
2025-11-17 00:00:00-05:00,48.39345372724483,48.39345372724483,47.44027657748849,47.60906982421875,1219700,0.0,0.0,0.0,IYE,iShares U.S. Energy ETF
2025-11-18 00:00:00-05:00,47.45020863833773,48.13530129726819,47.31120466008294,47.98637008666992,893300,0.0,0.0,0.0,IYE,iShares U.S. Energy ETF
2025-11-19 00:00:00-05:00,47.18212634159977,47.549494527253735,46.844543639557855,47.42041778564453,913300,0.0,0.0,0.0,IYE,iShares U.S. Energy ETF
2025-11-20 00:00:00-05:00,47.63885424745908,48.32394687610324,46.83461211051441,46.87432861328125,1018900,0.0,0.0,0.0,IYE,iShares U.S. Energy ETF
2025-11-21 00:00:00-05:00,46.88426301832669,47.350918703025165,46.47717830450599,47.15234375,1332500,0.0,0.0,0.0,IYE,iShares U.S. Energy ETF
2025-11-24 00:00:00-05:00,47.082835115894305,47.211911857592035,46.338167724488834,47.06298065185547,1457500,0.0,0.0,0.0,IYE,iShares U.S. Energy ETF
2025-11-25 00:00:00-05:00,46.77504315922749,46.943832621897535,46.38781670950272,46.80482864379883,1058300,0.0,0.0,0.0,IYE,iShares U.S. Energy ETF
2025-11-26 00:00:00-05:00,46.80482968050059,47.519711626641694,46.80482968050059,47.18212890625,579500,0.0,0.0,0.0,IYE,iShares U.S. Energy ETF
2025-11-28 00:00:00-05:00,47.22184493796783,47.976439594323566,47.15234294807616,47.81757736206055,275000,0.0,0.0,0.0,IYE,iShares U.S. Energy ETF
2025-12-01 00:00:00-05:00,47.847361147316995,48.47288282169608,47.847361147316995,48.2147331237793,553500,0.0,0.0,0.0,IYE,iShares U.S. Energy ETF
2025-12-02 00:00:00-05:00,48.135300545177444,48.135300545177444,47.390633141098135,47.579280853271484,874100,0.0,0.0,0.0,IYE,iShares U.S. Energy ETF
2025-12-03 00:00:00-05:00,47.8175755502282,48.54238469418822,47.8175755502282,48.462955474853516,812900,0.0,0.0,0.0,IYE,iShares U.S. Energy ETF
2025-12-04 00:00:00-05:00,48.383522978942835,48.72110568672271,48.30409375876925,48.65160369873047,742700,0.0,0.0,0.0,IYE,iShares U.S. Energy ETF
2025-12-05 00:00:00-05:00,48.62181770109716,49.22748112226801,48.45302445520278,48.462955474853516,1338700,0.0,0.0,0.0,IYE,iShares U.S. Energy ETF
2025-12-08 00:00:00-05:00,48.224662172156435,48.43316814227764,47.79771921186574,47.926795959472656,1206100,0.0,0.0,0.0,IYE,iShares U.S. Energy ETF
2025-12-09 00:00:00-05:00,48.00622367332343,48.62181811944162,47.986369208999605,48.18494415283203,1360100,0.0,0.0,0.0,IYE,iShares U.S. Energy ETF
2025-12-10 00:00:00-05:00,48.304094812781024,48.74096500220411,48.11544330905054,48.67146301269531,1727900,0.0,0.0,0.0,IYE,iShares U.S. Energy ETF
2025-12-11 00:00:00-05:00,48.35373834401685,48.72110654236678,48.304094607089716,48.453025817871094,1623300,0.0,0.0,0.0,IYE,iShares U.S. Energy ETF
2025-12-12 00:00:00-05:00,48.55231594493699,48.70124715223878,47.827503009952785,47.96651077270508,1298600,0.0,0.0,0.0,IYE,iShares U.S. Energy ETF
2025-12-15 00:00:00-05:00,47.956582204277844,48.03601521562504,47.23177301981973,47.61899948120117,1286800,0.0,0.0,0.0,IYE,iShares U.S. Energy ETF
2025-12-16 00:00:00-05:00,47.22999954223633,47.22999954223633,46.150001525878906,46.220001220703125,2323300,0.341,0.0,0.0,IYE,iShares U.S. Energy ETF
2025-12-17 00:00:00-05:00,46.54999923706055,47.27000045776367,46.459999084472656,47.16999816894531,1941900,0.0,0.0,0.0,IYE,iShares U.S. Energy ETF
2025-12-18 00:00:00-05:00,47.06999969482422,47.09000015258789,46.380001068115234,46.5099983215332,1448400,0.0,0.0,0.0,IYE,iShares U.S. Energy ETF
2025-12-19 00:00:00-05:00,46.619998931884766,46.95000076293945,46.459999084472656,46.54999923706055,1148200,0.0,0.0,0.0,IYE,iShares U.S. Energy ETF
2025-12-22 00:00:00-05:00,46.91999816894531,47.310001373291016,46.90999984741211,47.08000183105469,828900,0.0,0.0,0.0,IYE,iShares U.S. Energy ETF
2025-12-23 00:00:00-05:00,47.20000076293945,47.380001068115234,47.040000915527344,47.34000015258789,625000,0.0,0.0,0.0,IYE,iShares U.S. Energy ETF
2025-12-24 00:00:00-05:00,47.29999923706055,47.380001068115234,47.13999938964844,47.20000076293945,349600,0.0,0.0,0.0,IYE,iShares U.S. Energy ETF
2025-12-26 00:00:00-05:00,47.06999969482422,47.25,46.79999923706055,47.02000045776367,605600,0.0,0.0,0.0,IYE,iShares U.S. Energy ETF
2025-12-29 00:00:00-05:00,47.29999923706055,47.56999969482422,47.130001068115234,47.45000076293945,704300,0.0,0.0,0.0,IYE,iShares U.S. Energy ETF
2025-12-30 00:00:00-05:00,47.66999816894531,47.939998626708984,47.650001525878906,47.810001373291016,760900,0.0,0.0,0.0,IYE,iShares U.S. Energy ETF
2025-12-31 00:00:00-05:00,47.75,47.779998779296875,47.38999938964844,47.529998779296875,531200,0.0,0.0,0.0,IYE,iShares U.S. Energy ETF
2026-01-02 00:00:00-05:00,47.529998779296875,48.68000030517578,47.33000183105469,48.54999923706055,1062200,0.0,0.0,0.0,IYE,iShares U.S. Energy ETF
